Time (seconds),ECG Lead I,ECG Lead II,ECG Lead III
0,-0.269171759,2.122038346,0.037894595
0.01,0.904660653,-0.191011984,-2.122570944
0.02,-0.622282957,0.225946068,0.344106799
0.03,1.488574373,-1.647593283,0.49828576
0.04,-1.149641937,-1.056333577,1.665826564
0.05,-0.52510503,0.976442086,-0.036415656
0.06,-1.313509267,-1.145986805,-0.132536194
0.07,-0.854856243,-2.018139967,-0.041276523
0.08,0.186453193,0.399359119,-0.98129197
0.09,-0.316385426,-0.974614605,-1.131637667
0.1,-0.815646395,0.552786669,2.336162471
0.11,0.799497185,-1.867888696,-1.890395876
0.12,-1.270413117,-1.446763101,0.135415231
0.13,0.521301408,1.029450561,-1.079485947
0.14,0.076708981,0.442132919,0.326059945
0.15,-0.483055214,1.96006421,0.423840864
0.16,0.475023432,0.652744631,0.767499531
0.17,0.861457213,-1.848760525,-0.485906683
0.18,-0.60909736,0.310949721,0.750012156
0.19,-0.857866962,0.955890091,0.423238845
0.2,0.929021878,0.684433002,-0.550758878
0.21,1.592375739,0.990020571,0.679604943
0.22,0.626773049,1.202344049,0.072987248
0.23,0.008146058,0.708217672,-0.155014779
0.24,-0.586918231,-0.764608839,0.734419646
0.25,-0.997336007,-0.350218315,-1.143861419
0.26,0.956854052,-0.903649853,-1.704684542
0.27,0.0030955,-1.29310592,-1.439933514
0.28,1.052685781,-1.317191646,0.337766656
0.29,-0.866125046,-0.372972946,1.16430316
0.3,1.728310132,-1.528400057,1.447628615
0.31,0.730393205,-0.203020602,-2.691689241
0.32,1.15282139,-0.555828774,-0.534431325
0.33,-1.397768753,1.805160644,-0.593505061
0.34,-0.548576896,0.545430347,-0.59362372
0.35,0.186876241,0.822786089,-0.717676487
0.36,0.884740302,2.097249417,-2.206456512
0.37,-1.14212583,-0.388020849,0.203709674
0.38,-2.250574327,-0.090445847,-1.135194429
0.39,-0.055242413,-1.449857022,0.345188602
0.4,-1.263522495,0.878137279,1.113588221
0.41,-1.1296907,0.745081632,-0.333971665
0.42,2.189439498,1.35994547,-0.345768905
0.43,-0.674020152,-0.500847312,2.105244587
0.44,-2.420801972,0.792533072,1.773162373
0.45,0.787998584,0.493026482,-1.400929929
0.46,-0.409104674,1.122172643,0.914703961
0.47,-0.426125056,0.583039211,0.159707011
0.48,-0.196224076,-0.139281354,1.988206327
0.49,-0.555236308,1.015015932,2.782217367
0.5,1.734380566,1.002559215,-0.569562508
0.51,-1.154391131,0.048716413,0.820220307
0.52,1.19212827,-0.419551257,1.219418829
0.53,-0.758889115,1.271721731,-2.156059732
0.54,-0.57556554,1.583464348,-2.079139187
0.55,0.519484814,0.961526673,-2.975809304
0.56,-0.898851225,0.047254072,0.264277214
0.57,-1.307934409,-0.137832289,-0.131616955
0.58,0.132693846,0.188173282,-1.235736654
0.59,-1.072822862,1.428273996,-0.643548843
0.6,-0.348604901,0.222808014,-1.248183072
0.61,0.776457011,-0.868827585,-0.344470125
0.62,-0.411156336,0.461901276,-1.22392124
0.63,-1.568531261,-1.211293633,1.181092137
0.64,-0.64631785,0.597309959,0.559051747
0.65,-0.002945321,0.752834578,1.715776047
0.66,0.048449893,-0.858137211,-0.513540441
0.67,0.209751359,-1.631550055,1.565195657
0.68,0.520645276,1.060839179,0.104840557
0.69,-0.600665831,-1.295167537,-0.391990503
0.7,0.120150874,-0.452398614,-0.104602
0.71,-0.363606005,-0.1003077,-0.36565709
0.72,-1.401318857,-1.079953609,-0.14768315
0.73,-0.645976797,0.543394835,-0.184602408
0.74,-0.368954307,-0.822486865,-0.19838764
0.75,-0.708799587,0.6113227,-0.55054305
0.76,-1.177489528,1.786554524,-0.556611418
0.77,0.562336208,-1.851355342,0.537966183
0.78,-0.512454284,-1.262453105,-1.02953929
0.79,0.121551804,0.465565301,0.382595597
0.8,-1.692775912,-0.891936591,1.663663106
0.81,0.989662273,1.631338347,-0.332823034
0.82,-2.863241123,-0.391342418,-0.132031684
0.83,-0.426173724,-0.190526448,2.083360089
0.84,-0.035884926,-0.351426051,0.728220477
0.85,0.155455461,-0.946250316,-0.411437824
0.86,-0.47724599,-0.377014592,-1.343966297
0.87,-2.897439706,0.184459891,-0.866355783
0.88,0.010383214,-1.473456432,-0.135417983
0.89,0.90775479,-0.483687895,-0.314374608
0.9,-1.371121305,-2.159644868,0.964570845
0.91,-1.238554857,-0.097926226,0.652444013
0.92,0.274911607,0.065174608,0.167251601
0.93,0.378827093,0.529112529,1.821998891
0.94,0.534393869,1.018949878,-0.901346762
0.95,-1.496941526,0.585382278,-0.46874458
0.96,-1.472724839,0.765231189,1.520991343
0.97,0.057418005,-0.22700872,-0.733687426
0.98,1.948819614,0.70124978,0.870634519
0.99,-0.282301717,0.963349102,-1.574817641
1,0.954103888,-0.110379643,0.422782661
1.01,0.436249422,-0.859728366,0.517005649
1.02,-3.409886634,0.395734738,0.31780824
1.03,-0.186240775,-0.498115117,-1.229320805
1.04,0.031366608,-0.410099331,-0.078813361
1.05,-1.251920505,-1.075285202,-0.913960906
1.06,-0.95509288,0.647747883,-0.121057283
1.07,-0.789761941,-0.105520014,-0.943099729
1.08,-1.004966944,-0.872313036,0.289873926
1.09,1.232769347,0.519741331,-0.220002333
1.1,1.08598331,0.415467851,0.833505593
1.11,0.31964326,-2.388929665,0.415921352
1.12,0.655761726,-0.664786426,-0.616982244
1.13,-0.04141125,1.577708917,0.082204367
1.14,1.53704111,1.083238295,2.482096322
1.15,1.108328086,-0.981695862,0.262774122
1.16,-0.504884303,1.139231107,1.146420727
1.17,-0.427504198,-0.664164759,0.382456213
1.18,0.233438818,0.107021596,-0.249917809
1.19,-0.561871394,-0.694671146,1.611189353
1.2,1.173969393,0.224822012,-0.051839711
1.21,-0.299867748,1.502773523,1.90711359
1.22,0.490212066,1.191830449,-0.220985097
1.23,-0.543464803,3.124341377,-0.259937036
1.24,0.188507621,0.698900856,1.648433944
1.25,1.937925528,-1.709876159,-0.684178229
1.26,-0.333403025,-0.677195931,0.595166531
1.27,1.237165605,-0.129009261,0.750749038
1.28,-0.755451546,-0.183218694,1.784941791
1.29,-0.134450571,0.984618167,0.347822284
1.3,-0.064912349,-0.543812811,-0.654147613
1.31,0.423241018,1.217626651,-0.349677138
1.32,1.970250294,-0.072284053,0.868516517
1.33,-2.095686077,0.546654949,-0.354671945
1.34,1.078931076,0.923626641,0.752158099
1.35,-0.42031202,-0.014972491,1.898666644
1.36,0.513703799,0.34448166,-0.552147888
1.37,2.018594109,0.80341278,0.72553706
1.38,0.595710106,-1.139791045,-0.393439895
1.39,0.679591911,2.011240925,-1.165193878
1.4,-0.732251048,-0.146184017,0.839155685
1.41,0.455374212,0.210141366,-0.983409187
1.42,-0.231367139,-0.223636729,-0.416254254
1.43,-0.525992759,-0.359593201,-0.166554806
1.44,1.101047246,0.974288344,-1.604002045
1.45,0.903160195,0.160373609,-0.912101013
1.46,0.096847185,-0.235682742,0.372602341
1.47,0.271652515,-0.827233784,0.279864028
1.48,1.171160811,-1.327532494,-0.233468922
1.49,0.711927843,-0.191808577,0.30716289
1.5,0.315202101,-1.94073965,1.337381195
1.51,1.148259268,0.889911902,0.60861105
1.52,-2.17022317,-0.213403759,-1.494723807
1.53,-0.623479656,0.538780153,-0.697242668
1.54,-0.707765322,-0.016965735,-1.054912569
1.55,-0.785694733,1.448658012,-1.018151712
1.56,0.147277475,-0.816340896,-0.046905734
1.57,0.79112174,1.211680531,-0.56153105
1.58,-0.219703388,0.886534583,0.294250733
1.59,0.528082078,0.231275439,0.512431695
1.6,0.26200597,0.581228547,0.728235043
1.61,0.61238351,1.772264496,-0.965120711
1.62,0.34420717,1.485632426,0.571344188
1.63,-0.290808367,0.598526741,0.768746998
1.64,0.465889484,0.282772282,-0.615166525
1.65,-1.638621454,1.139957338,-1.439530146
1.66,0.560558051,-0.351081541,0.492224228
1.67,0.505939258,0.331103117,-1.228959344
1.68,0.446307944,0.967484213,-0.576388724
1.69,-0.151711365,1.520191377,0.0498996
1.7,0.133328552,1.629852761,-1.300449209
1.71,-0.810138242,-0.504804743,-0.175521781
1.72,-0.451775551,-0.606728724,0.382099406
1.73,1.177284067,0.249880967,0.528244929
1.74,-0.336451739,0.115842954,0.40958032
1.75,-0.760928352,0.354808382,-1.173455835
1.76,0.730979126,-0.545050964,-0.350643288
1.77,0.16198851,0.750677679,-2.319012444
1.78,-1.207299365,-1.895776477,0.62515551
1.79,-0.516118498,-1.845783398,-0.590886986
1.8,-0.218084581,1.926221921,-0.805584474
1.81,0.976151455,0.855637779,-0.254299946
1.82,0.148761525,-0.980307602,1.985117515
1.83,0.437835581,-1.259729132,-0.465746236
1.84,1.311306027,0.324820488,0.329709986
1.85,1.212482444,-0.861611655,1.169688729
1.86,0.613464433,1.117725987,0.790467724
1.87,-0.221881205,-1.252714837,0.317214713
1.88,0.828071158,0.56204534,0.95895036
1.89,0.603637768,1.087954821,-1.002817358
1.9,-0.076947667,2.325787619,-0.937734723
1.91,-0.831418885,-0.047797925,0.577868921
1.92,0.250437818,1.409944641,-0.491021358
1.93,-1.373200693,1.836000305,1.473476834
1.94,0.982583851,-1.866191779,0.978900011
1.95,0.602101821,-1.973784646,1.58823585
1.96,-0.9516713,-0.777188319,1.659623634
1.97,-1.385331475,0.002205882,0.082241743
1.98,-1.117408491,0.150991894,-0.824156748
1.99,0.776077057,-0.077021899,-0.282588791
2,-2.588711873,0.896580121,1.559159419
2.01,0.971220576,1.859416323,-0.056876993
2.02,0.907693248,-1.931592022,-0.341677355
2.03,0.767905012,1.462815478,0.2177127
2.04,0.371133885,1.077721104,-1.236770351
2.05,1.758307693,-0.543050706,0.194574699
2.06,-0.782027692,-1.563991002,0.053059935
2.07,-0.31729889,0.800991615,-0.68197604
2.08,0.475751665,-1.027547524,1.061298427
2.09,-0.251996757,0.108537672,-0.447856678
2.1,-1.388166853,0.419709958,2.131991059
2.11,-1.601017015,-0.348276478,-1.775629094
2.12,-0.246316571,-0.062098449,-0.119605908
2.13,-1.185311758,1.265333851,0.059868898
2.14,-0.566033607,0.719643734,1.678905093
2.15,0.326270261,-0.106595752,-0.505139638
2.16,-0.94065153,0.213853238,0.235404952
2.17,1.386285948,-0.958525983,-0.189680621
2.18,0.362184342,1.84441189,0.462904308
2.19,0.401832098,0.183334126,-0.459628813
2.2,-0.958125514,0.04447157,-0.659645243
2.21,-1.753124397,-1.630842819,2.252821886
2.22,-0.80296672,-0.179814193,-1.022461948
2.23,-1.044259219,0.734091319,0.702146109
2.24,0.420938707,-0.960566324,-1.995839058
2.25,-0.002757542,0.599889695,-1.885668277
2.26,-0.527922712,-1.676746352,0.580794207
2.27,-0.229381544,0.841138767,0.048092086
2.28,0.45060241,0.458980764,-1.218155478
2.29,1.740641719,0.670838702,-0.875303106
2.3,-2.608085336,-1.402132075,-0.31398911
2.31,-1.410117693,-0.565472584,0.895708857
2.32,3.210936784,0.186967052,-0.619340866
2.33,-0.560964294,1.883816227,-1.485754677
2.34,2.181456318,1.583729202,0.86047032
2.35,2.308980545,-1.959239774,0.412547317
2.36,0.064246447,-0.132915646,1.049136007
2.37,0.359947276,-2.539197942,-0.92603726
2.38,-2.563366418,-1.690211113,0.944728354
2.39,-0.665164449,1.375632557,-0.563384702
2.4,-1.983429727,-0.612198307,1.685238613
2.41,1.084238877,0.307745377,-0.428867626
2.42,-0.673693006,-0.229465215,0.15441256
2.43,-0.317589429,-1.565732339,-0.503316701
2.44,-0.301184767,0.685462673,1.145326608
2.45,0.807557852,-0.096029825,1.569218252
2.46,-1.000498142,0.254593892,-0.580747226
2.47,-1.314104599,-0.433358563,-0.936945293
2.48,0.077221692,-1.403057236,-1.199676892
2.49,-0.527545982,-0.339923083,-1.127381311
2.5,-0.476927921,0.443060763,0.582193221
2.51,-1.652168528,0.563855813,1.251946624
2.52,-1.779903759,0.849161779,0.678934071
2.53,-0.171292127,-0.904834198,0.219905847
2.54,0.66560374,-0.542708324,-0.275304732
2.55,-0.41269451,0.19954404,1.107901669
2.56,0.22980581,-0.84291328,-0.141226167
2.57,-0.916084137,-1.91404205,1.874286063
2.58,0.485475589,-1.351051483,1.960230035
2.59,-0.401440659,1.788325668,-1.094118746
2.6,-0.684404113,-0.186886979,-0.708889122
2.61,-1.95433951,-0.2293062,0.421058224
2.62,-0.805100781,0.537253117,-0.373998109
2.63,0.019226984,1.793218812,-0.585501808
2.64,2.050279644,-0.56135204,0.493010723
2.65,-0.353838489,-0.346683012,-1.77587963
2.66,-0.573870642,-0.120144194,-1.298088648
2.67,0.011433204,0.432758869,2.042317039
2.68,-1.166229716,1.354349557,1.079675945
2.69,3.042857879,0.066786375,0.304528991
2.7,-0.54419001,-1.870472692,0.140684963
2.71,-0.637638277,0.37252722,-0.224957819
2.72,1.239384772,3.317305205,-0.930991593
2.73,1.081182781,0.289588673,-0.045296143
2.74,-0.156549598,-0.928965696,0.638276302
2.75,0.238300515,0.904930989,1.248339861
2.76,0.330832331,0.747620149,0.564549198
2.77,-0.013526535,-1.830397389,0.846480568
2.78,-0.320994819,-0.715799034,-0.190686616
2.79,-0.614152092,1.925052326,0.516173895
2.8,0.451811463,0.091318842,1.988483835
2.81,-0.437715718,1.097492361,0.490578269
2.82,1.451743568,-0.794201868,0.921774446
2.83,-0.955938745,0.006941587,0.153001918
2.84,0.941529683,0.368479804,-0.0943522
2.85,2.2451445,1.291447638,-0.220455013
2.86,-0.245869753,-0.608736419,0.220784255
2.87,-1.990929973,-0.149084356,-0.478959682
2.88,-0.905371458,-0.616192337,-0.487672902
2.89,-1.033414439,0.736918271,-0.221927792
2.9,1.387075765,-1.006500957,-1.078448927
2.91,-0.440410821,-1.001510593,-0.664601782
2.92,-1.108420582,1.717275097,0.292727823
2.93,-0.09889982,-0.019801316,-0.747606847
2.94,0.576318129,-0.807556149,1.301727712
2.95,1.086724468,1.055794122,0.53457694
2.96,0.728638346,-1.396959554,0.896736129
2.97,1.040832589,0.90366004,-0.006832685
2.98,0.995648671,0.362119957,0.006969638
2.99,-1.171001138,0.26005888,0.115298227
3,1.02362832,0.432639808,1.618296248
3.01,1.281602064,-1.326658766,0.95148934
3.02,0.756011802,0.50476542,1.308607757
3.03,-0.239947343,-1.068279638,-0.653888118
3.04,-0.935851425,2.49022451,-0.914521951
3.05,0.120943143,0.671111838,-0.395401495
3.06,-0.928123752,0.295170359,1.067013009
3.07,-0.231504378,-0.30174032,1.539102161
3.08,0.95986959,0.126061504,0.602059117
3.09,0.557164058,0.688504364,-0.081288989
3.1,1.480557592,0.994523146,1.086026097
3.11,-0.316225303,0.360494155,-0.223594108
3.12,1.354924261,0.545810113,0.947716152
3.13,-2.035191908,-0.258237534,1.391568734
3.14,-1.134759436,-1.169651538,0.3629472
3.15,-0.502930934,0.558629451,0.054466795
3.16,0.788741864,0.514332305,0.025587382
3.17,-0.990142743,2.272078935,-0.268882431
3.18,-1.235278305,-0.767868459,0.74676071
3.19,0.773364115,-1.839224147,-0.548584375
3.2,-0.085643393,0.221734169,-1.329413068
3.21,0.512496181,0.602240825,0.307796581
3.22,0.400224467,0.136701898,2.525360412
3.23,-0.021120587,-1.277152788,0.104269506
3.24,0.306881713,1.340885751,0.531408708
3.25,-0.660590328,-1.668550555,-1.587482535
3.26,0.067318553,1.480836161,2.569306528
3.27,0.704755634,-1.007877148,0.020384094
3.28,-0.162701357,-0.328870451,-0.544564813
3.29,-1.605177151,1.455776319,-0.250824205
3.3,0.908426979,1.895746536,-0.667994012
3.31,0.231531592,0.534827946,-1.052981344
3.32,1.570353716,0.142020498,0.294670568
3.33,-0.099954244,-0.447160294,0.704255474
3.34,0.460339654,1.941827493,1.573282467
3.35,-1.000869196,0.560794867,1.030491968
3.36,-0.011269121,1.033174903,0.678528879
3.37,0.934531362,0.003141814,-0.470585219
3.38,0.265454338,-0.33043726,-0.701211603
3.39,-0.500688365,-0.876869615,-1.567040435
3.4,0.615202183,-0.653676174,1.10208181
3.41,-0.091600778,2.029320896,0.280193121
3.42,-2.104830453,-1.369219072,1.132520389
3.43,-0.648509966,-0.543194766,-0.218798086
3.44,-0.076661908,0.650756383,-0.051778022
3.45,-0.278039479,-0.936599928,-1.78699626
3.46,2.494968395,-1.287805024,-0.932646221
3.47,0.114571068,-1.251227152,0.812234165
3.48,-0.923469234,-0.667843886,1.496050514
3.49,1.174294199,-0.583638606,-2.15609044
3.5,0.372361486,-0.342778213,-1.241511509
3.51,1.35619176,0.674841754,0.500875857
3.52,-1.727896915,0.597378888,0.055035063
3.53,-0.66485017,-0.067703098,-0.300317068
3.54,0.725889439,0.40994908,2.479042439
3.55,-1.136798463,0.686005139,1.238698103
3.56,0.092419818,0.067370684,0.934832463
3.57,-0.05702422,-0.310977836,-0.505476298
3.58,0.741563192,-0.068096684,1.139239551
3.59,-0.698507697,-0.305689563,-0.542550249
3.6,0.3026573,-1.265206183,0.302675319
3.61,0.261861591,1.594291125,3.548433231
3.62,0.174742072,-0.565907049,1.437223448
3.63,-1.144963476,-0.582196004,0.276477199
3.64,0.078020654,-0.303265451,0.284743931
3.65,-0.356367,1.66560166,0.334545694
3.66,-0.067732527,0.027667434,-0.097614595
3.67,-1.153981439,0.144945661,2.113504847
3.68,1.024536731,0.003339143,0.980657517
3.69,-1.889210767,-1.602426957,0.510697406
3.7,-1.608294068,0.375552501,-1.809666612
3.71,-1.005673718,-0.848893311,-0.020955416
3.72,-0.659443719,-0.697990359,0.004794384
3.73,1.349398096,-3.629587874,-0.023043417
3.74,0.013135567,-0.088100378,-0.073339824
3.75,-0.11442393,0.077540672,0.012796562
3.76,1.156002239,-0.605999595,-0.238449081
3.77,0.618864261,-0.869774493,0.002956909
3.78,-0.857580776,0.605768907,1.156725386
3.79,1.973949783,-0.906256012,0.963012825
3.8,1.141015274,-1.11367633,1.242007953
3.81,0.67524821,-0.149163695,1.436079907
3.82,-0.832105511,0.278812921,-0.815515477
3.83,0.685892058,1.345938492,0.006757998
3.84,1.221615734,-1.207320473,0.663433335
3.85,1.115043444,0.099301777,1.513825996
3.86,0.038083007,0.17558283,-1.496107443
3.87,1.677678496,-1.379515251,-0.330502114
3.88,1.190454456,-2.033571372,-1.109024674
3.89,-1.318309829,-0.170132484,-1.635715772
3.9,-0.627768349,1.435257418,0.076590588
3.91,0.511427415,-1.816328359,0.095680775
3.92,0.145994041,0.348979346,-0.265431235
3.93,1.067965528,-0.440148192,1.477079772
3.94,-2.060684089,0.604007285,1.418925947
3.95,0.786716259,0.601465691,-0.452414356
3.96,0.252650665,0.63660095,-1.070275847
3.97,-0.682216483,0.495197775,0.417157508
3.98,-1.075681279,0.334573362,-0.077577227
3.99,0.677780483,0.883901279,-0.551545183
4,0.725848869,0.244948652,1.098477499
4.01,-0.36699367,-1.678528446,0.537304689
4.02,0.593674858,-1.152244244,1.122637268
4.03,-1.029131154,-0.588658247,0.400369431
4.04,-0.61968973,-0.923630742,0.272991695
4.05,0.251287714,-0.75855046,0.442061871
4.06,1.637584192,-1.152408309,-1.334654552
4.07,1.048387168,0.285624688,0.971424073
4.08,-0.560374155,1.359008026,0.181400548
4.09,0.864767859,-0.515884933,-1.692534314
4.1,-0.27033838,0.262553474,-3.358138384
4.11,-0.530167929,-0.580716172,0.681172337
4.12,-1.712502491,-0.766560443,-1.381900511
4.13,-0.209249924,0.51544266,-0.561710869
4.14,-1.254572033,-0.297222578,1.327578153
4.15,-0.834341081,0.005027525,-0.075515427
4.16,1.324950659,0.145621494,-2.360541947
4.17,-0.803343191,0.794639473,-0.996090542
4.18,1.071933543,0.778920497,-0.738416476
4.19,1.071587889,0.920924299,-0.136006308
4.2,-0.112160415,0.278064047,0.046147498
4.21,0.483886895,0.503873343,1.999425517
4.22,0.045382189,-0.315365509,1.832250944
4.23,-0.252476084,0.647735628,-0.411827894
4.24,0.057958643,1.503745521,0.421401676
4.25,-0.314900352,-0.364170949,-0.299534963
4.26,-0.185462916,-0.060883214,1.95879968
4.27,0.433030843,-0.222048803,0.949894858
4.28,-0.289992362,0.133031456,0.256535427
4.29,1.204713509,-1.068956774,0.433798757
4.3,-0.289005931,-0.33530684,0.040584376
4.31,-0.726201938,-1.570110985,-1.178119436
4.32,-0.238476752,0.307042205,0.293808245
4.33,-0.450891796,1.249123662,0.224819446
4.34,-0.798853337,0.068903935,0.191155638
4.35,-1.32706256,-0.066529466,1.967892465
4.36,-1.915929033,-0.670803753,-0.548661144
4.37,1.044831241,-1.831234484,-0.786017803
4.38,0.917419672,-0.289256082,1.688348465
4.39,-0.114922806,0.77727923,0.141664581
4.4,-1.269962914,-0.337962876,-0.945284095
4.41,0.032911663,0.679012261,0.320432163
4.42,1.857789549,-0.124635348,1.706885314
4.43,-1.021074227,0.953350247,2.055141964
4.44,-0.240322709,-0.598763802,0.06178124
4.45,0.120266565,-0.928123754,1.433373591
4.46,-1.158183589,1.677682574,-0.533390774
4.47,-0.480431538,-0.137156871,2.043372121
4.48,0.964112938,-1.738777518,1.065610144
4.49,-1.838851662,0.69023376,2.092450055
4.5,0.724753366,-1.727487674,-0.641433632
4.51,1.183380707,-0.465852113,0.869385731
4.52,1.088626049,-1.755441477,0.226719573
4.53,0.029712911,-0.338049434,-2.238037812
4.54,-0.732810354,-0.711177169,1.234376808
4.55,0.111290528,1.590627217,0.222100403
4.56,0.287027212,1.391374801,-0.12241624
4.57,0.914889809,-0.400913292,-1.566820972
4.58,-0.456368938,1.61795901,-1.774977339
4.59,-0.185808337,0.352965983,0.167571676
4.6,1.736618664,0.144540392,0.130515769
4.61,-1.372872501,-0.196195904,0.998011659
4.62,0.361748862,-0.831361095,-0.247179277
4.63,-0.461626534,-1.508969395,0.162566762
4.64,0.81180973,-0.462085699,0.06167677
4.65,-0.658591533,0.618786713,2.499318208
4.66,0.56730014,-1.498660177,1.450281255
4.67,-0.458308132,-0.187719999,1.106688457
4.68,-1.521782227,2.137691967,-0.526827826
4.69,0.703571261,-0.622047249,-0.184957346
4.7,0.669782468,0.548219667,-0.316048914
4.71,0.982762059,0.469958208,0.211268303
4.72,0.491179427,1.330354732,0.442206862
4.73,-1.275924706,0.126773613,0.233458084
4.74,1.252332357,-0.024507249,1.297191404
4.75,0.472107499,1.642119491,0.916193701
4.76,-0.116086273,1.172917018,0.268938186
4.77,-0.177015163,-0.004257205,-0.990363538
4.78,-0.11240751,-0.906913645,0.118834585
4.79,-0.215797645,0.640179626,-0.239522516
4.8,-0.126091979,-1.236110865,0.673935924
4.81,0.751487296,0.118117856,-0.228093828
4.82,-0.290644233,1.244511822,-1.276661885
4.83,0.81893263,0.079271099,0.836730261
4.84,-1.841168975,-1.017129569,-1.040706027
4.85,0.536290501,-1.595875601,1.836415386
4.86,0.493609849,0.370261146,-0.655013744
4.87,1.557937125,2.231596622,1.387115652
4.88,-1.319438825,1.548709277,1.986123783
4.89,-0.689932171,0.566132417,-1.782600577
4.9,-1.855727197,-1.278933004,-0.165441646
4.91,1.180913,-0.137338224,-0.580136455
4.92,0.106963998,-0.92250253,0.018978928
4.93,0.730606325,-0.058462547,1.600325447
4.94,-0.704511885,-1.102046277,0.375411064
4.95,0.863544107,0.298814882,-0.344498237
4.96,0.028274148,-0.979355953,-1.202483577
4.97,0.05334852,-0.366699682,0.085838221
4.98,0.400443455,-0.127811574,0.519570981
4.99,-1.593129074,-0.226303681,0.605066352
5,-0.292678607,-0.691310802,-0.367433694
5.01,-1.484751832,1.434014793,0.578647467
5.02,-0.588741015,-0.724441689,-0.630900125
5.03,0.251419881,1.191144609,0.441542733
5.04,1.219855832,-0.161732675,-0.943438963
5.05,0.219774086,-0.875046858,-0.837063286
5.06,-0.385067709,0.54996162,0.193667632
5.07,1.00603728,0.616518945,-0.975937457
5.08,0.668586834,1.515258443,-0.243622569
5.09,-1.87587785,-0.266759813,-0.178707392
5.1,-0.49897037,1.594149218,-0.387981624
5.11,0.676813809,0.372026829,-0.268248341
5.12,-1.765362634,1.077888153,0.137316024
5.13,-0.478796089,0.099040729,-0.45174691
5.14,0.163629422,-1.140602974,-0.522992248
5.15,-0.768697977,1.600025162,0.372583267
5.16,0.949342151,0.256090195,-1.690661665
5.17,-1.893440008,0.121889677,1.935937248
5.18,1.226776636,-1.198077528,0.480327731
5.19,-1.538017703,-1.827963867,-0.569771877
5.2,1.74576184,-0.397189593,1.092068922
5.21,-0.415553785,-1.694208128,-0.783601434
5.22,2.095109169,0.31777171,-0.71554399
5.23,-0.217276499,0.685982112,-0.698087018
5.24,1.023461238,0.955545528,-0.186122529
5.25,0.237751309,-0.420129234,0.93183519
5.26,-1.959351465,-0.69982049,-0.300229012
5.27,-0.715596987,0.768314215,0.034263231
5.28,-0.524030174,-0.807542745,0.396982232
5.29,-0.011704326,-0.738814156,1.028433945
5.3,0.085576542,-0.165130119,-0.289204278
5.31,-0.9412261,1.182885217,0.42982835
5.32,-0.244178108,-1.417935999,0.028602607
5.33,-0.190962096,-0.187600213,-1.23092761
5.34,-2.568378323,0.955369696,-0.3331121
5.35,-2.18288377,1.506818236,1.290957074
5.36,0.133207698,0.345624551,-0.202635593
5.37,1.725438737,0.987426146,1.992184609
5.38,-0.238837408,-0.010049274,-0.890788783
5.39,1.027411548,-0.353770675,0.922479286
5.4,-0.609860385,0.220033438,0.814845184
5.41,0.659087821,0.622887662,-1.615020702
5.42,0.812387883,-0.785613365,0.314769782
5.43,-1.944565182,0.995069448,0.217611921
5.44,0.841731832,0.208243638,0.838565763
5.45,-0.71960804,1.737353317,-0.701330742
5.46,-0.277397872,-0.005649862,-0.744291371
5.47,1.57517438,-1.166868052,1.037937448
5.48,0.586070765,-0.506498955,0.85570369
5.49,0.298488947,-0.891654345,0.468871122
5.5,-1.320565255,-0.116933745,-0.259574562
5.51,-0.983343761,0.434902069,-0.728868287
5.52,-0.853759962,-0.330372158,-0.147078869
5.53,-0.310518778,0.891963988,0.322038946
5.54,-0.204745863,0.43727692,-1.266644075
5.55,0.801934671,-0.199736801,-1.285309
5.56,0.35617371,0.159463223,0.824555219
5.57,-1.06914285,1.401048931,-1.109385441
5.58,-0.03588635,1.913435774,1.225860301
5.59,-1.19818966,0.086975919,1.123686091
5.6,0.017753741,-0.429182094,-0.229913348
5.61,-1.684893994,-0.42417845,0.762416999
5.62,0.200153719,-1.871802228,-1.062684668
5.63,0.58029139,-0.807563267,0.45277967
5.64,-0.099879892,-0.765335493,0.701494388
5.65,0.289973744,-0.040334548,0.249595668
5.66,-2.419959877,0.940587811,1.040579541
5.67,0.209133238,-0.119216245,-0.942653364
5.68,-0.157158544,-0.337072255,0.955007395
5.69,1.398239059,0.080314166,-0.18331373
5.7,0.233669738,-0.878568323,-1.956376186
5.71,-0.845352831,0.656056653,0.319456175
5.72,0.762802273,0.939686775,-1.991267732
5.73,0.900541405,-0.560640286,-0.082766006
5.74,0.902242985,-0.69754303,0.898545483
5.75,0.876160883,-0.209959399,0.029351811
5.76,-1.067122333,1.008743794,-0.275338336
5.77,-1.649975405,-0.428828734,-0.098888181
5.78,-1.369999519,-0.963612399,1.196702035
5.79,-0.869243214,0.382614132,-0.966996535
5.8,0.164780819,1.71156013,-0.852158913
5.81,1.057105056,-1.324785501,1.700893382
5.82,0.323110909,-0.3956002,0.768554096
5.83,0.995907968,1.190975898,0.757081082
5.84,-0.949285205,-0.986127952,-1.585084737
5.85,-2.498468378,0.333769474,-0.443423203
5.86,0.262143057,0.024169418,0.853732175
5.87,1.156987539,-0.190168676,0.153555498
5.88,-0.201971306,-0.50170609,-0.645467924
5.89,0.484535994,-0.666539211,-0.220569845
5.9,0.959236742,0.016717899,1.026341599
5.91,-1.269379998,-0.129960037,2.558164907
5.92,0.671898414,-0.406180387,-1.468725602
5.93,0.430290098,-0.363803416,1.272588025
5.94,-0.875418045,0.826401627,1.328321956
5.95,0.943291404,-0.621866754,0.755760888
5.96,0.165619977,-2.072345334,1.021121214
5.97,0.060544849,0.851705489,-0.098541158
5.98,0.399957468,-1.416942287,-1.38858289
5.99,-1.439516602,0.366556814,1.326271896
6,-0.749236711,0.001765448,0.52025347
6.01,-0.269171759,2.122038346,0.037894595
6.02,0.904660653,-0.191011984,-2.122570944
6.03,-0.622282957,0.225946068,0.344106799
6.04,1.488574373,-1.647593283,0.49828576
6.05,-1.149641937,-1.056333577,1.665826564
6.06,-0.52510503,0.976442086,-0.036415656
6.07,-1.313509267,-1.145986805,-0.132536194
6.08,-0.854856243,-2.018139967,-0.041276523
6.09,0.186453193,0.399359119,-0.98129197
6.1,-0.316385426,-0.974614605,-1.131637667
6.11,-0.815646395,0.552786669,2.336162471
6.12,0.799497185,-1.867888696,-1.890395876
6.13,-1.270413117,-1.446763101,0.135415231
6.14,0.521301408,1.029450561,-1.079485947
6.15,0.076708981,0.442132919,0.326059945
6.16,-0.483055214,1.96006421,0.423840864
6.17,0.475023432,0.652744631,0.767499531
6.18,0.861457213,-1.848760525,-0.485906683
6.19,-0.60909736,0.310949721,0.750012156
6.2,-0.857866962,0.955890091,0.423238845
6.21,0.929021878,0.684433002,-0.550758878
6.22,1.592375739,0.990020571,0.679604943
6.23,0.626773049,1.202344049,0.072987248
6.24,0.008146058,0.708217672,-0.155014779
6.25,-0.586918231,-0.764608839,0.734419646
6.26,-0.997336007,-0.350218315,-1.143861419
6.27,0.956854052,-0.903649853,-1.704684542
6.28,0.0030955,-1.29310592,-1.439933514
6.29,1.052685781,-1.317191646,0.337766656
6.3,-0.866125046,-0.372972946,1.16430316
6.31,1.728310132,-1.528400057,1.447628615
6.32,0.730393205,-0.203020602,-2.691689241
6.33,1.15282139,-0.555828774,-0.534431325
6.34,-1.397768753,1.805160644,-0.593505061
6.35,-0.548576896,0.545430347,-0.59362372
6.36,0.186876241,0.822786089,-0.717676487
6.37,0.884740302,2.097249417,-2.206456512
6.38,-1.14212583,-0.388020849,0.203709674
6.39,-2.250574327,-0.090445847,-1.135194429
6.4,-0.055242413,-1.449857022,0.345188602
6.41,-1.263522495,0.878137279,1.113588221
6.42,-1.1296907,0.745081632,-0.333971665
6.43,2.189439498,1.35994547,-0.345768905
6.44,-0.674020152,-0.500847312,2.105244587
6.45,-2.420801972,0.792533072,1.773162373
6.46,0.787998584,0.493026482,-1.400929929
6.47,-0.409104674,1.122172643,0.914703961
6.48,-0.426125056,0.583039211,0.159707011
6.49,-0.196224076,-0.139281354,1.988206327
6.5,-0.555236308,1.015015932,2.782217367
6.51,1.734380566,1.002559215,-0.569562508
6.52,-1.154391131,0.048716413,0.820220307
6.53,1.19212827,-0.419551257,1.219418829
6.54,-0.758889115,1.271721731,-2.156059732
6.55,-0.57556554,1.583464348,-2.079139187
6.56,0.519484814,0.961526673,-2.975809304
6.57,-0.898851225,0.047254072,0.264277214
6.58,-1.307934409,-0.137832289,-0.131616955
6.59,0.132693846,0.188173282,-1.235736654
6.6,-1.072822862,1.428273996,-0.643548843
6.61,-0.348604901,0.222808014,-1.248183072
6.62,0.776457011,-0.868827585,-0.344470125
6.63,-0.411156336,0.461901276,-1.22392124
6.64,-1.568531261,-1.211293633,1.181092137
6.65,-0.64631785,0.597309959,0.559051747
6.66,-0.002945321,0.752834578,1.715776047
6.67,0.048449893,-0.858137211,-0.513540441
6.68,0.209751359,-1.631550055,1.565195657
6.69,0.520645276,1.060839179,0.104840557
6.7,-0.600665831,-1.295167537,-0.391990503
6.71,0.120150874,-0.452398614,-0.104602
6.72,-0.363606005,-0.1003077,-0.36565709
6.73,-1.401318857,-1.079953609,-0.14768315
6.74,-0.645976797,0.543394835,-0.184602408
6.75,-0.368954307,-0.822486865,-0.19838764
6.76,-0.708799587,0.6113227,-0.55054305
6.77,-1.177489528,1.786554524,-0.556611418
6.78,0.562336208,-1.851355342,0.537966183
6.79,-0.512454284,-1.262453105,-1.02953929
6.8,0.121551804,0.465565301,0.382595597
6.81,-1.692775912,-0.891936591,1.663663106
6.82,0.989662273,1.631338347,-0.332823034
6.83,-2.863241123,-0.391342418,-0.132031684
6.84,-0.426173724,-0.190526448,2.083360089
6.85,-0.035884926,-0.351426051,0.728220477
6.86,0.155455461,-0.946250316,-0.411437824
6.87,-0.47724599,-0.377014592,-1.343966297
6.88,-2.897439706,0.184459891,-0.866355783
6.89,0.010383214,-1.473456432,-0.135417983
6.9,0.90775479,-0.483687895,-0.314374608
6.91,-1.371121305,-2.159644868,0.964570845
6.92,-1.238554857,-0.097926226,0.652444013
6.93,0.274911607,0.065174608,0.167251601
6.94,0.378827093,0.529112529,1.821998891
6.95,0.534393869,1.018949878,-0.901346762
6.96,-1.496941526,0.585382278,-0.46874458
6.97,-1.472724839,0.765231189,1.520991343
6.98,0.057418005,-0.22700872,-0.733687426
6.99,1.948819614,0.70124978,0.870634519
7,-0.282301717,0.963349102,-1.574817641
7.01,0.954103888,-0.110379643,0.422782661
7.02,0.436249422,-0.859728366,0.517005649
7.03,-3.409886634,0.395734738,0.31780824
7.04,-0.186240775,-0.498115117,-1.229320805
7.05,0.031366608,-0.410099331,-0.078813361
7.06,-1.251920505,-1.075285202,-0.913960906
7.07,-0.95509288,0.647747883,-0.121057283
7.08,-0.789761941,-0.105520014,-0.943099729
7.09,-1.004966944,-0.872313036,0.289873926
7.1,1.232769347,0.519741331,-0.220002333
7.11,1.08598331,0.415467851,0.833505593
7.12,0.31964326,-2.388929665,0.415921352
7.13,0.655761726,-0.664786426,-0.616982244
7.14,-0.04141125,1.577708917,0.082204367
7.15,1.53704111,1.083238295,2.482096322
7.16,1.108328086,-0.981695862,0.262774122
7.17,-0.504884303,1.139231107,1.146420727
7.18,-0.427504198,-0.664164759,0.382456213
7.19,0.233438818,0.107021596,-0.249917809
7.2,-0.561871394,-0.694671146,1.611189353
7.21,1.173969393,0.224822012,-0.051839711
7.22,-0.299867748,1.502773523,1.90711359
7.23,0.490212066,1.191830449,-0.220985097
7.24,-0.543464803,3.124341377,-0.259937036
7.25,0.188507621,0.698900856,1.648433944
7.26,1.937925528,-1.709876159,-0.684178229
7.27,-0.333403025,-0.677195931,0.595166531
7.28,1.237165605,-0.129009261,0.750749038
7.29,-0.755451546,-0.183218694,1.784941791
7.3,-0.134450571,0.984618167,0.347822284
7.31,-0.064912349,-0.543812811,-0.654147613
7.32,0.423241018,1.217626651,-0.349677138
7.33,1.970250294,-0.072284053,0.868516517
7.34,-2.095686077,0.546654949,-0.354671945
7.35,1.078931076,0.923626641,0.752158099
7.36,-0.42031202,-0.014972491,1.898666644
7.37,0.513703799,0.34448166,-0.552147888
7.38,2.018594109,0.80341278,0.72553706
7.39,0.595710106,-1.139791045,-0.393439895
7.4,0.679591911,2.011240925,-1.165193878
7.41,-0.732251048,-0.146184017,0.839155685
7.42,0.455374212,0.210141366,-0.983409187
7.43,-0.231367139,-0.223636729,-0.416254254
7.44,-0.525992759,-0.359593201,-0.166554806
7.45,1.101047246,0.974288344,-1.604002045
7.46,0.903160195,0.160373609,-0.912101013
7.47,0.096847185,-0.235682742,0.372602341
7.48,0.271652515,-0.827233784,0.279864028
7.49,1.171160811,-1.327532494,-0.233468922
7.5,0.711927843,-0.191808577,0.30716289
7.51,0.315202101,-1.94073965,1.337381195
7.52,1.148259268,0.889911902,0.60861105
7.53,-2.17022317,-0.213403759,-1.494723807
7.54,-0.623479656,0.538780153,-0.697242668
7.55,-0.707765322,-0.016965735,-1.054912569
7.56,-0.785694733,1.448658012,-1.018151712
7.57,0.147277475,-0.816340896,-0.046905734
7.58,0.79112174,1.211680531,-0.56153105
7.59,-0.219703388,0.886534583,0.294250733
7.6,0.528082078,0.231275439,0.512431695
7.61,0.26200597,0.581228547,0.728235043
7.62,0.61238351,1.772264496,-0.965120711
7.63,0.34420717,1.485632426,0.571344188
7.64,-0.290808367,0.598526741,0.768746998
7.65,0.465889484,0.282772282,-0.615166525
7.66,-1.638621454,1.139957338,-1.439530146
7.67,0.560558051,-0.351081541,0.492224228
7.68,0.505939258,0.331103117,-1.228959344
7.69,0.446307944,0.967484213,-0.576388724
7.7,-0.151711365,1.520191377,0.0498996
7.71,0.133328552,1.629852761,-1.300449209
7.72,-0.810138242,-0.504804743,-0.175521781
7.73,-0.451775551,-0.606728724,0.382099406
7.74,1.177284067,0.249880967,0.528244929
7.75,-0.336451739,0.115842954,0.40958032
7.76,-0.760928352,0.354808382,-1.173455835
7.77,0.730979126,-0.545050964,-0.350643288
7.78,0.16198851,0.750677679,-2.319012444
7.79,-1.207299365,-1.895776477,0.62515551
7.8,-0.516118498,-1.845783398,-0.590886986
7.81,-0.218084581,1.926221921,-0.805584474
7.82,0.976151455,0.855637779,-0.254299946
7.83,0.148761525,-0.980307602,1.985117515
7.84,0.437835581,-1.259729132,-0.465746236
7.85,1.311306027,0.324820488,0.329709986
7.86,1.212482444,-0.861611655,1.169688729
7.87,0.613464433,1.117725987,0.790467724
7.88,-0.221881205,-1.252714837,0.317214713
7.89,0.828071158,0.56204534,0.95895036
7.9,0.603637768,1.087954821,-1.002817358
7.91,-0.076947667,2.325787619,-0.937734723
7.92,-0.831418885,-0.047797925,0.577868921
7.93,0.250437818,1.409944641,-0.491021358
7.94,-1.373200693,1.836000305,1.473476834
7.95,0.982583851,-1.866191779,0.978900011
7.96,0.602101821,-1.973784646,1.58823585
7.97,-0.9516713,-0.777188319,1.659623634
7.98,-1.385331475,0.002205882,0.082241743
7.99,-1.117408491,0.150991894,-0.824156748
8,0.776077057,-0.077021899,-0.282588791
8.01,-2.588711873,0.896580121,1.559159419
8.02,0.971220576,1.859416323,-0.056876993
8.03,0.907693248,-1.931592022,-0.341677355
8.04,0.767905012,1.462815478,0.2177127
8.05,0.371133885,1.077721104,-1.236770351
8.06,1.758307693,-0.543050706,0.194574699
8.07,-0.782027692,-1.563991002,0.053059935
8.08,-0.31729889,0.800991615,-0.68197604
8.09,0.475751665,-1.027547524,1.061298427
8.1,-0.251996757,0.108537672,-0.447856678
8.11,-1.388166853,0.419709958,2.131991059
8.12,-1.601017015,-0.348276478,-1.775629094
8.13,-0.246316571,-0.062098449,-0.119605908
8.14,-1.185311758,1.265333851,0.059868898
8.15,-0.566033607,0.719643734,1.678905093
8.16,0.326270261,-0.106595752,-0.505139638
8.17,-0.94065153,0.213853238,0.235404952
8.18,1.386285948,-0.958525983,-0.189680621
8.19,0.362184342,1.84441189,0.462904308
8.2,0.401832098,0.183334126,-0.459628813
8.21,-0.958125514,0.04447157,-0.659645243
8.22,-1.753124397,-1.630842819,2.252821886
8.23,-0.80296672,-0.179814193,-1.022461948
8.24,-1.044259219,0.734091319,0.702146109
8.25,0.420938707,-0.960566324,-1.995839058
8.26,-0.002757542,0.599889695,-1.885668277
8.27,-0.527922712,-1.676746352,0.580794207
8.28,-0.229381544,0.841138767,0.048092086
8.29,0.45060241,0.458980764,-1.218155478
8.3,1.740641719,0.670838702,-0.875303106
8.31,-2.608085336,-1.402132075,-0.31398911
8.32,-1.410117693,-0.565472584,0.895708857
8.33,3.210936784,0.186967052,-0.619340866
8.34,-0.560964294,1.883816227,-1.485754677
8.35,2.181456318,1.583729202,0.86047032
8.36,2.308980545,-1.959239774,0.412547317
8.37,0.064246447,-0.132915646,1.049136007
8.38,0.359947276,-2.539197942,-0.92603726
8.39,-2.563366418,-1.690211113,0.944728354
8.4,-0.665164449,1.375632557,-0.563384702
8.41,-1.983429727,-0.612198307,1.685238613
8.42,1.084238877,0.307745377,-0.428867626
8.43,-0.673693006,-0.229465215,0.15441256
8.44,-0.317589429,-1.565732339,-0.503316701
8.45,-0.301184767,0.685462673,1.145326608
8.46,0.807557852,-0.096029825,1.569218252
8.47,-1.000498142,0.254593892,-0.580747226
8.48,-1.314104599,-0.433358563,-0.936945293
8.49,0.077221692,-1.403057236,-1.199676892
8.5,-0.527545982,-0.339923083,-1.127381311
8.51,-0.476927921,0.443060763,0.582193221
8.52,-1.652168528,0.563855813,1.251946624
8.53,-1.779903759,0.849161779,0.678934071
8.54,-0.171292127,-0.904834198,0.219905847
8.55,0.66560374,-0.542708324,-0.275304732
8.56,-0.41269451,0.19954404,1.107901669
8.57,0.22980581,-0.84291328,-0.141226167
8.58,-0.916084137,-1.91404205,1.874286063
8.59,0.485475589,-1.351051483,1.960230035
8.6,-0.401440659,1.788325668,-1.094118746
8.61,-0.684404113,-0.186886979,-0.708889122
8.62,-1.95433951,-0.2293062,0.421058224
8.63,-0.805100781,0.537253117,-0.373998109
8.64,0.019226984,1.793218812,-0.585501808
8.65,2.050279644,-0.56135204,0.493010723
8.66,-0.353838489,-0.346683012,-1.77587963
8.67,-0.573870642,-0.120144194,-1.298088648
8.68,0.011433204,0.432758869,2.042317039
8.69,-1.166229716,1.354349557,1.079675945
8.7,3.042857879,0.066786375,0.304528991
8.71,-0.54419001,-1.870472692,0.140684963
8.72,-0.637638277,0.37252722,-0.224957819
8.73,1.239384772,3.317305205,-0.930991593
8.74,1.081182781,0.289588673,-0.045296143
8.75,-0.156549598,-0.928965696,0.638276302
8.76,0.238300515,0.904930989,1.248339861
8.77,0.330832331,0.747620149,0.564549198
8.78,-0.013526535,-1.830397389,0.846480568
8.79,-0.320994819,-0.715799034,-0.190686616
8.8,-0.614152092,1.925052326,0.516173895
8.81,0.451811463,0.091318842,1.988483835
8.82,-0.437715718,1.097492361,0.490578269
8.83,1.451743568,-0.794201868,0.921774446
8.84,-0.955938745,0.006941587,0.153001918
8.85,0.941529683,0.368479804,-0.0943522
8.86,2.2451445,1.291447638,-0.220455013
8.87,-0.245869753,-0.608736419,0.220784255
8.88,-1.990929973,-0.149084356,-0.478959682
8.89,-0.905371458,-0.616192337,-0.487672902
8.9,-1.033414439,0.736918271,-0.221927792
8.91,1.387075765,-1.006500957,-1.078448927
8.92,-0.440410821,-1.001510593,-0.664601782
8.93,-1.108420582,1.717275097,0.292727823
8.94,-0.09889982,-0.019801316,-0.747606847
8.95,0.576318129,-0.807556149,1.301727712
8.96,1.086724468,1.055794122,0.53457694
8.97,0.728638346,-1.396959554,0.896736129
8.98,1.040832589,0.90366004,-0.006832685
8.99,0.995648671,0.362119957,0.006969638
9,-1.171001138,0.26005888,0.115298227
9.01,1.02362832,0.432639808,1.618296248
9.02,1.281602064,-1.326658766,0.95148934
9.03,0.756011802,0.50476542,1.308607757
9.04,-0.239947343,-1.068279638,-0.653888118
9.05,-0.935851425,2.49022451,-0.914521951
9.06,0.120943143,0.671111838,-0.395401495
9.07,-0.928123752,0.295170359,1.067013009
9.08,-0.231504378,-0.30174032,1.539102161
9.09,0.95986959,0.126061504,0.602059117
9.1,0.557164058,0.688504364,-0.081288989
9.11,1.480557592,0.994523146,1.086026097
9.12,-0.316225303,0.360494155,-0.223594108
9.13,1.354924261,0.545810113,0.947716152
9.14,-2.035191908,-0.258237534,1.391568734
9.15,-1.134759436,-1.169651538,0.3629472
9.16,-0.502930934,0.558629451,0.054466795
9.17,0.788741864,0.514332305,0.025587382
9.18,-0.990142743,2.272078935,-0.268882431
9.19,-1.235278305,-0.767868459,0.74676071
9.2,0.773364115,-1.839224147,-0.548584375
9.21,-0.085643393,0.221734169,-1.329413068
9.22,0.512496181,0.602240825,0.307796581
9.23,0.400224467,0.136701898,2.525360412
9.24,-0.021120587,-1.277152788,0.104269506
9.25,0.306881713,1.340885751,0.531408708
9.26,-0.660590328,-1.668550555,-1.587482535
9.27,0.067318553,1.480836161,2.569306528
9.28,0.704755634,-1.007877148,0.020384094
9.29,-0.162701357,-0.328870451,-0.544564813
9.3,-1.605177151,1.455776319,-0.250824205
9.31,0.908426979,1.895746536,-0.667994012
9.32,0.231531592,0.534827946,-1.052981344
9.33,1.570353716,0.142020498,0.294670568
9.34,-0.099954244,-0.447160294,0.704255474
9.35,0.460339654,1.941827493,1.573282467
9.36,-1.000869196,0.560794867,1.030491968
9.37,-0.011269121,1.033174903,0.678528879
9.38,0.934531362,0.003141814,-0.470585219
9.39,0.265454338,-0.33043726,-0.701211603
9.4,-0.500688365,-0.876869615,-1.567040435
9.41,0.615202183,-0.653676174,1.10208181
9.42,-0.091600778,2.029320896,0.280193121
9.43,-2.104830453,-1.369219072,1.132520389
9.44,-0.648509966,-0.543194766,-0.218798086
9.45,-0.076661908,0.650756383,-0.051778022
9.46,-0.278039479,-0.936599928,-1.78699626
9.47,2.494968395,-1.287805024,-0.932646221
9.48,0.114571068,-1.251227152,0.812234165
9.49,-0.923469234,-0.667843886,1.496050514
9.5,1.174294199,-0.583638606,-2.15609044
9.51,0.372361486,-0.342778213,-1.241511509
9.52,1.35619176,0.674841754,0.500875857
9.53,-1.727896915,0.597378888,0.055035063
9.54,-0.66485017,-0.067703098,-0.300317068
9.55,0.725889439,0.40994908,2.479042439
9.56,-1.136798463,0.686005139,1.238698103
9.57,0.092419818,0.067370684,0.934832463
9.58,-0.05702422,-0.310977836,-0.505476298
9.59,0.741563192,-0.068096684,1.139239551
9.6,-0.698507697,-0.305689563,-0.542550249
9.61,0.3026573,-1.265206183,0.302675319
9.62,0.261861591,1.594291125,3.548433231
9.63,0.174742072,-0.565907049,1.437223448
9.64,-1.144963476,-0.582196004,0.276477199
9.65,0.078020654,-0.303265451,0.284743931
9.66,-0.356367,1.66560166,0.334545694
9.67,-0.067732527,0.027667434,-0.097614595
9.68,-1.153981439,0.144945661,2.113504847
9.69,1.024536731,0.003339143,0.980657517
9.7,-1.889210767,-1.602426957,0.510697406
9.71,-1.608294068,0.375552501,-1.809666612
9.72,-1.005673718,-0.848893311,-0.020955416
9.73,-0.659443719,-0.697990359,0.004794384
9.74,1.349398096,-3.629587874,-0.023043417
9.75,0.013135567,-0.088100378,-0.073339824
9.76,-0.11442393,0.077540672,0.012796562
9.77,1.156002239,-0.605999595,-0.238449081
9.78,0.618864261,-0.869774493,0.002956909
9.79,-0.857580776,0.605768907,1.156725386
9.8,1.973949783,-0.906256012,0.963012825
9.81,1.141015274,-1.11367633,1.242007953
9.82,0.67524821,-0.149163695,1.436079907
9.83,-0.832105511,0.278812921,-0.815515477
9.84,0.685892058,1.345938492,0.006757998
9.85,1.221615734,-1.207320473,0.663433335
9.86,1.115043444,0.099301777,1.513825996
9.87,0.038083007,0.17558283,-1.496107443
9.88,1.677678496,-1.379515251,-0.330502114
9.89,1.190454456,-2.033571372,-1.109024674
9.9,-1.318309829,-0.170132484,-1.635715772
9.91,-0.627768349,1.435257418,0.076590588
9.92,0.511427415,-1.816328359,0.095680775
9.93,0.145994041,0.348979346,-0.265431235
9.94,1.067965528,-0.440148192,1.477079772
9.95,-2.060684089,0.604007285,1.418925947
9.96,0.786716259,0.601465691,-0.452414356
9.97,0.252650665,0.63660095,-1.070275847
9.98,-0.682216483,0.495197775,0.417157508
9.99,-1.075681279,0.334573362,-0.077577227
10,0.677780483,0.883901279,-0.551545183
10.01,0.725848869,0.244948652,1.098477499
10.02,-0.36699367,-1.678528446,0.537304689
10.03,0.593674858,-1.152244244,1.122637268
10.04,-1.029131154,-0.588658247,0.400369431
10.05,-0.61968973,-0.923630742,0.272991695
10.06,0.251287714,-0.75855046,0.442061871
10.07,1.637584192,-1.152408309,-1.334654552
10.08,1.048387168,0.285624688,0.971424073
10.09,-0.560374155,1.359008026,0.181400548
10.1,0.864767859,-0.515884933,-1.692534314
10.11,-0.27033838,0.262553474,-3.358138384
10.12,-0.530167929,-0.580716172,0.681172337
10.13,-1.712502491,-0.766560443,-1.381900511
10.14,-0.209249924,0.51544266,-0.561710869
10.15,-1.254572033,-0.297222578,1.327578153
10.16,-0.834341081,0.005027525,-0.075515427
10.17,1.324950659,0.145621494,-2.360541947
10.18,-0.803343191,0.794639473,-0.996090542
10.19,1.071933543,0.778920497,-0.738416476
10.2,1.071587889,0.920924299,-0.136006308
10.21,-0.112160415,0.278064047,0.046147498
10.22,0.483886895,0.503873343,1.999425517
10.23,0.045382189,-0.315365509,1.832250944
10.24,-0.252476084,0.647735628,-0.411827894
10.25,0.057958643,1.503745521,0.421401676
10.26,-0.314900352,-0.364170949,-0.299534963
10.27,-0.185462916,-0.060883214,1.95879968
10.28,0.433030843,-0.222048803,0.949894858
10.29,-0.289992362,0.133031456,0.256535427
10.3,1.204713509,-1.068956774,0.433798757
10.31,-0.289005931,-0.33530684,0.040584376
10.32,-0.726201938,-1.570110985,-1.178119436
10.33,-0.238476752,0.307042205,0.293808245
10.34,-0.450891796,1.249123662,0.224819446
10.35,-0.798853337,0.068903935,0.191155638
10.36,-1.32706256,-0.066529466,1.967892465
10.37,-1.915929033,-0.670803753,-0.548661144
10.38,1.044831241,-1.831234484,-0.786017803
10.39,0.917419672,-0.289256082,1.688348465
10.4,-0.114922806,0.77727923,0.141664581
10.41,-1.269962914,-0.337962876,-0.945284095
10.42,0.032911663,0.679012261,0.320432163
10.43,1.857789549,-0.124635348,1.706885314
10.44,-1.021074227,0.953350247,2.055141964
10.45,-0.240322709,-0.598763802,0.06178124
10.46,0.120266565,-0.928123754,1.433373591
10.47,-1.158183589,1.677682574,-0.533390774
10.48,-0.480431538,-0.137156871,2.043372121
10.49,0.964112938,-1.738777518,1.065610144
10.5,-1.838851662,0.69023376,2.092450055
10.51,0.724753366,-1.727487674,-0.641433632
10.52,1.183380707,-0.465852113,0.869385731
10.53,1.088626049,-1.755441477,0.226719573
10.54,0.029712911,-0.338049434,-2.238037812
10.55,-0.732810354,-0.711177169,1.234376808
10.56,0.111290528,1.590627217,0.222100403
10.57,0.287027212,1.391374801,-0.12241624
10.58,0.914889809,-0.400913292,-1.566820972
10.59,-0.456368938,1.61795901,-1.774977339
10.6,-0.185808337,0.352965983,0.167571676
10.61,1.736618664,0.144540392,0.130515769
10.62,-1.372872501,-0.196195904,0.998011659
10.63,0.361748862,-0.831361095,-0.247179277
10.64,-0.461626534,-1.508969395,0.162566762
10.65,0.81180973,-0.462085699,0.06167677
10.66,-0.658591533,0.618786713,2.499318208
10.67,0.56730014,-1.498660177,1.450281255
10.68,-0.458308132,-0.187719999,1.106688457
10.69,-1.521782227,2.137691967,-0.526827826
10.7,0.703571261,-0.622047249,-0.184957346
10.71,0.669782468,0.548219667,-0.316048914
10.72,0.982762059,0.469958208,0.211268303
10.73,0.491179427,1.330354732,0.442206862
10.74,-1.275924706,0.126773613,0.233458084
10.75,1.252332357,-0.024507249,1.297191404
10.76,0.472107499,1.642119491,0.916193701
10.77,-0.116086273,1.172917018,0.268938186
10.78,-0.177015163,-0.004257205,-0.990363538
10.79,-0.11240751,-0.906913645,0.118834585
10.8,-0.215797645,0.640179626,-0.239522516
10.81,-0.126091979,-1.236110865,0.673935924
10.82,0.751487296,0.118117856,-0.228093828
10.83,-0.290644233,1.244511822,-1.276661885
10.84,0.81893263,0.079271099,0.836730261
10.85,-1.841168975,-1.017129569,-1.040706027
10.86,0.536290501,-1.595875601,1.836415386
10.87,0.493609849,0.370261146,-0.655013744
10.88,1.557937125,2.231596622,1.387115652
10.89,-1.319438825,1.548709277,1.986123783
10.9,-0.689932171,0.566132417,-1.782600577
10.91,-1.855727197,-1.278933004,-0.165441646
10.92,1.180913,-0.137338224,-0.580136455
10.93,0.106963998,-0.92250253,0.018978928
10.94,0.730606325,-0.058462547,1.600325447
10.95,-0.704511885,-1.102046277,0.375411064
10.96,0.863544107,0.298814882,-0.344498237
10.97,0.028274148,-0.979355953,-1.202483577
10.98,0.05334852,-0.366699682,0.085838221
10.99,0.400443455,-0.127811574,0.519570981
11,-1.593129074,-0.226303681,0.605066352
11.01,-0.292678607,-0.691310802,-0.367433694
11.02,-1.484751832,1.434014793,0.578647467
11.03,-0.588741015,-0.724441689,-0.630900125
11.04,0.251419881,1.191144609,0.441542733
11.05,1.219855832,-0.161732675,-0.943438963
11.06,0.219774086,-0.875046858,-0.837063286
11.07,-0.385067709,0.54996162,0.193667632
11.08,1.00603728,0.616518945,-0.975937457
11.09,0.668586834,1.515258443,-0.243622569
11.1,-1.87587785,-0.266759813,-0.178707392
11.11,-0.49897037,1.594149218,-0.387981624
11.12,0.676813809,0.372026829,-0.268248341
11.13,-1.765362634,1.077888153,0.137316024
11.14,-0.478796089,0.099040729,-0.45174691
11.15,0.163629422,-1.140602974,-0.522992248
11.16,-0.768697977,1.600025162,0.372583267
11.17,0.949342151,0.256090195,-1.690661665
11.18,-1.893440008,0.121889677,1.935937248
11.19,1.226776636,-1.198077528,0.480327731
11.2,-1.538017703,-1.827963867,-0.569771877
11.21,1.74576184,-0.397189593,1.092068922
11.22,-0.415553785,-1.694208128,-0.783601434
11.23,2.095109169,0.31777171,-0.71554399
11.24,-0.217276499,0.685982112,-0.698087018
11.25,1.023461238,0.955545528,-0.186122529
11.26,0.237751309,-0.420129234,0.93183519
11.27,-1.959351465,-0.69982049,-0.300229012
11.28,-0.715596987,0.768314215,0.034263231
11.29,-0.524030174,-0.807542745,0.396982232
11.3,-0.011704326,-0.738814156,1.028433945
11.31,0.085576542,-0.165130119,-0.289204278
11.32,-0.9412261,1.182885217,0.42982835
11.33,-0.244178108,-1.417935999,0.028602607
11.34,-0.190962096,-0.187600213,-1.23092761
11.35,-2.568378323,0.955369696,-0.3331121
11.36,-2.18288377,1.506818236,1.290957074
11.37,0.133207698,0.345624551,-0.202635593
11.38,1.725438737,0.987426146,1.992184609
11.39,-0.238837408,-0.010049274,-0.890788783
11.4,1.027411548,-0.353770675,0.922479286
11.41,-0.609860385,0.220033438,0.814845184
11.42,0.659087821,0.622887662,-1.615020702
11.43,0.812387883,-0.785613365,0.314769782
11.44,-1.944565182,0.995069448,0.217611921
11.45,0.841731832,0.208243638,0.838565763
11.46,-0.71960804,1.737353317,-0.701330742
11.47,-0.277397872,-0.005649862,-0.744291371
11.48,1.57517438,-1.166868052,1.037937448
11.49,0.586070765,-0.506498955,0.85570369
11.5,0.298488947,-0.891654345,0.468871122
11.51,-1.320565255,-0.116933745,-0.259574562
11.52,-0.983343761,0.434902069,-0.728868287
11.53,-0.853759962,-0.330372158,-0.147078869
11.54,-0.310518778,0.891963988,0.322038946
11.55,-0.204745863,0.43727692,-1.266644075
11.56,0.801934671,-0.199736801,-1.285309
11.57,0.35617371,0.159463223,0.824555219
11.58,-1.06914285,1.401048931,-1.109385441
11.59,-0.03588635,1.913435774,1.225860301
11.6,-1.19818966,0.086975919,1.123686091
11.61,0.017753741,-0.429182094,-0.229913348
11.62,-1.684893994,-0.42417845,0.762416999
11.63,0.200153719,-1.871802228,-1.062684668
11.64,0.58029139,-0.807563267,0.45277967
11.65,-0.099879892,-0.765335493,0.701494388
11.66,0.289973744,-0.040334548,0.249595668
11.67,-2.419959877,0.940587811,1.040579541
11.68,0.209133238,-0.119216245,-0.942653364
11.69,-0.157158544,-0.337072255,0.955007395
11.7,1.398239059,0.080314166,-0.18331373
11.71,0.233669738,-0.878568323,-1.956376186
11.72,-0.845352831,0.656056653,0.319456175
11.73,0.762802273,0.939686775,-1.991267732
11.74,0.900541405,-0.560640286,-0.082766006
11.75,0.902242985,-0.69754303,0.898545483
11.76,0.876160883,-0.209959399,0.029351811
11.77,-1.067122333,1.008743794,-0.275338336
11.78,-1.649975405,-0.428828734,-0.098888181
11.79,-1.369999519,-0.963612399,1.196702035
11.8,-0.869243214,0.382614132,-0.966996535
11.81,0.164780819,1.71156013,-0.852158913
11.82,1.057105056,-1.324785501,1.700893382
11.83,0.323110909,-0.3956002,0.768554096
11.84,0.995907968,1.190975898,0.757081082
11.85,-0.949285205,-0.986127952,-1.585084737
11.86,-2.498468378,0.333769474,-0.443423203
11.87,0.262143057,0.024169418,0.853732175
11.88,1.156987539,-0.190168676,0.153555498
11.89,-0.201971306,-0.50170609,-0.645467924
11.9,0.484535994,-0.666539211,-0.220569845
11.91,0.959236742,0.016717899,1.026341599
11.92,-1.269379998,-0.129960037,2.558164907
11.93,0.671898414,-0.406180387,-1.468725602
11.94,0.430290098,-0.363803416,1.272588025
11.95,-0.875418045,0.826401627,1.328321956
11.96,0.943291404,-0.621866754,0.755760888
11.97,0.165619977,-2.072345334,1.021121214
11.98,0.060544849,0.851705489,-0.098541158
11.99,0.399957468,-1.416942287,-1.38858289
12,-1.439516602,0.366556814,1.326271896
12.01,-0.749236711,0.001765448,0.52025347
12.02,-0.269171759,2.122038346,0.037894595
12.03,0.904660653,-0.191011984,-2.122570944
12.04,-0.622282957,0.225946068,0.344106799
12.05,1.488574373,-1.647593283,0.49828576
12.06,-1.149641937,-1.056333577,1.665826564
12.07,-0.52510503,0.976442086,-0.036415656
12.08,-1.313509267,-1.145986805,-0.132536194
12.09,-0.854856243,-2.018139967,-0.041276523
12.1,0.186453193,0.399359119,-0.98129197
12.11,-0.316385426,-0.974614605,-1.131637667
12.12,-0.815646395,0.552786669,2.336162471
12.13,0.799497185,-1.867888696,-1.890395876
12.14,-1.270413117,-1.446763101,0.135415231
12.15,0.521301408,1.029450561,-1.079485947
12.16,0.076708981,0.442132919,0.326059945
12.17,-0.483055214,1.96006421,0.423840864
12.18,0.475023432,0.652744631,0.767499531
12.19,0.861457213,-1.848760525,-0.485906683
12.2,-0.60909736,0.310949721,0.750012156
12.21,-0.857866962,0.955890091,0.423238845
12.22,0.929021878,0.684433002,-0.550758878
12.23,1.592375739,0.990020571,0.679604943
12.24,0.626773049,1.202344049,0.072987248
12.25,0.008146058,0.708217672,-0.155014779
12.26,-0.586918231,-0.764608839,0.734419646
12.27,-0.997336007,-0.350218315,-1.143861419
12.28,0.956854052,-0.903649853,-1.704684542
12.29,0.0030955,-1.29310592,-1.439933514
12.3,1.052685781,-1.317191646,0.337766656
12.31,-0.866125046,-0.372972946,1.16430316
12.32,1.728310132,-1.528400057,1.447628615
12.33,0.730393205,-0.203020602,-2.691689241
12.34,1.15282139,-0.555828774,-0.534431325
12.35,-1.397768753,1.805160644,-0.593505061
12.36,-0.548576896,0.545430347,-0.59362372
12.37,0.186876241,0.822786089,-0.717676487
12.38,0.884740302,2.097249417,-2.206456512
12.39,-1.14212583,-0.388020849,0.203709674
12.4,-2.250574327,-0.090445847,-1.135194429
12.41,-0.055242413,-1.449857022,0.345188602
12.42,-1.263522495,0.878137279,1.113588221
12.43,-1.1296907,0.745081632,-0.333971665
12.44,2.189439498,1.35994547,-0.345768905
12.45,-0.674020152,-0.500847312,2.105244587
12.46,-2.420801972,0.792533072,1.773162373
12.47,0.787998584,0.493026482,-1.400929929
12.48,-0.409104674,1.122172643,0.914703961
12.49,-0.426125056,0.583039211,0.159707011
12.5,-0.196224076,-0.139281354,1.988206327
12.51,-0.555236308,1.015015932,2.782217367
12.52,1.734380566,1.002559215,-0.569562508
12.53,-1.154391131,0.048716413,0.820220307
12.54,1.19212827,-0.419551257,1.219418829
12.55,-0.758889115,1.271721731,-2.156059732
12.56,-0.57556554,1.583464348,-2.079139187
12.57,0.519484814,0.961526673,-2.975809304
12.58,-0.898851225,0.047254072,0.264277214
12.59,-1.307934409,-0.137832289,-0.131616955
12.6,0.132693846,0.188173282,-1.235736654
12.61,-1.072822862,1.428273996,-0.643548843
12.62,-0.348604901,0.222808014,-1.248183072
12.63,0.776457011,-0.868827585,-0.344470125
12.64,-0.411156336,0.461901276,-1.22392124
12.65,-1.568531261,-1.211293633,1.181092137
12.66,-0.64631785,0.597309959,0.559051747
12.67,-0.002945321,0.752834578,1.715776047
12.68,0.048449893,-0.858137211,-0.513540441
12.69,0.209751359,-1.631550055,1.565195657
12.7,0.520645276,1.060839179,0.104840557
12.71,-0.600665831,-1.295167537,-0.391990503
12.72,0.120150874,-0.452398614,-0.104602
12.73,-0.363606005,-0.1003077,-0.36565709
12.74,-1.401318857,-1.079953609,-0.14768315
12.75,-0.645976797,0.543394835,-0.184602408
12.76,-0.368954307,-0.822486865,-0.19838764
12.77,-0.708799587,0.6113227,-0.55054305
12.78,-1.177489528,1.786554524,-0.556611418
12.79,0.562336208,-1.851355342,0.537966183
12.8,-0.512454284,-1.262453105,-1.02953929
12.81,0.121551804,0.465565301,0.382595597
12.82,-1.692775912,-0.891936591,1.663663106
12.83,0.989662273,1.631338347,-0.332823034
12.84,-2.863241123,-0.391342418,-0.132031684
12.85,-0.426173724,-0.190526448,2.083360089
12.86,-0.035884926,-0.351426051,0.728220477
12.87,0.155455461,-0.946250316,-0.411437824
12.88,-0.47724599,-0.377014592,-1.343966297
12.89,-2.897439706,0.184459891,-0.866355783
12.9,0.010383214,-1.473456432,-0.135417983
12.91,0.90775479,-0.483687895,-0.314374608
12.92,-1.371121305,-2.159644868,0.964570845
12.93,-1.238554857,-0.097926226,0.652444013
12.94,0.274911607,0.065174608,0.167251601
12.95,0.378827093,0.529112529,1.821998891
12.96,0.534393869,1.018949878,-0.901346762
12.97,-1.496941526,0.585382278,-0.46874458
12.98,-1.472724839,0.765231189,1.520991343
12.99,0.057418005,-0.22700872,-0.733687426
13,1.948819614,0.70124978,0.870634519
13.01,-0.282301717,0.963349102,-1.574817641
13.02,0.954103888,-0.110379643,0.422782661
13.03,0.436249422,-0.859728366,0.517005649
13.04,-3.409886634,0.395734738,0.31780824
13.05,-0.186240775,-0.498115117,-1.229320805
13.06,0.031366608,-0.410099331,-0.078813361
13.07,-1.251920505,-1.075285202,-0.913960906
13.08,-0.95509288,0.647747883,-0.121057283
13.09,-0.789761941,-0.105520014,-0.943099729
13.1,-1.004966944,-0.872313036,0.289873926
13.11,1.232769347,0.519741331,-0.220002333
13.12,1.08598331,0.415467851,0.833505593
13.13,0.31964326,-2.388929665,0.415921352
13.14,0.655761726,-0.664786426,-0.616982244
13.15,-0.04141125,1.577708917,0.082204367
13.16,1.53704111,1.083238295,2.482096322
13.17,1.108328086,-0.981695862,0.262774122
13.18,-0.504884303,1.139231107,1.146420727
13.19,-0.427504198,-0.664164759,0.382456213
13.2,0.233438818,0.107021596,-0.249917809
13.21,-0.561871394,-0.694671146,1.611189353
13.22,1.173969393,0.224822012,-0.051839711
13.23,-0.299867748,1.502773523,1.90711359
13.24,0.490212066,1.191830449,-0.220985097
13.25,-0.543464803,3.124341377,-0.259937036
13.26,0.188507621,0.698900856,1.648433944
13.27,1.937925528,-1.709876159,-0.684178229
13.28,-0.333403025,-0.677195931,0.595166531
13.29,1.237165605,-0.129009261,0.750749038
13.3,-0.755451546,-0.183218694,1.784941791
13.31,-0.134450571,0.984618167,0.347822284
13.32,-0.064912349,-0.543812811,-0.654147613
13.33,0.423241018,1.217626651,-0.349677138
13.34,1.970250294,-0.072284053,0.868516517
13.35,-2.095686077,0.546654949,-0.354671945
13.36,1.078931076,0.923626641,0.752158099
13.37,-0.42031202,-0.014972491,1.898666644
13.38,0.513703799,0.34448166,-0.552147888
13.39,2.018594109,0.80341278,0.72553706
13.4,0.595710106,-1.139791045,-0.393439895
13.41,0.679591911,2.011240925,-1.165193878
13.42,-0.732251048,-0.146184017,0.839155685
13.43,0.455374212,0.210141366,-0.983409187
13.44,-0.231367139,-0.223636729,-0.416254254
13.45,-0.525992759,-0.359593201,-0.166554806
13.46,1.101047246,0.974288344,-1.604002045
13.47,0.903160195,0.160373609,-0.912101013
13.48,0.096847185,-0.235682742,0.372602341
13.49,0.271652515,-0.827233784,0.279864028
13.5,1.171160811,-1.327532494,-0.233468922
13.51,0.711927843,-0.191808577,0.30716289
13.52,0.315202101,-1.94073965,1.337381195
13.53,1.148259268,0.889911902,0.60861105
13.54,-2.17022317,-0.213403759,-1.494723807
13.55,-0.623479656,0.538780153,-0.697242668
13.56,-0.707765322,-0.016965735,-1.054912569
13.57,-0.785694733,1.448658012,-1.018151712
13.58,0.147277475,-0.816340896,-0.046905734
13.59,0.79112174,1.211680531,-0.56153105
13.6,-0.219703388,0.886534583,0.294250733
13.61,0.528082078,0.231275439,0.512431695
13.62,0.26200597,0.581228547,0.728235043
13.63,0.61238351,1.772264496,-0.965120711
13.64,0.34420717,1.485632426,0.571344188
13.65,-0.290808367,0.598526741,0.768746998
13.66,0.465889484,0.282772282,-0.615166525
13.67,-1.638621454,1.139957338,-1.439530146
13.68,0.560558051,-0.351081541,0.492224228
13.69,0.505939258,0.331103117,-1.228959344
13.7,0.446307944,0.967484213,-0.576388724
13.71,-0.151711365,1.520191377,0.0498996
13.72,0.133328552,1.629852761,-1.300449209
13.73,-0.810138242,-0.504804743,-0.175521781
13.74,-0.451775551,-0.606728724,0.382099406
13.75,1.177284067,0.249880967,0.528244929
13.76,-0.336451739,0.115842954,0.40958032
13.77,-0.760928352,0.354808382,-1.173455835
13.78,0.730979126,-0.545050964,-0.350643288
13.79,0.16198851,0.750677679,-2.319012444
13.8,-1.207299365,-1.895776477,0.62515551
13.81,-0.516118498,-1.845783398,-0.590886986
13.82,-0.218084581,1.926221921,-0.805584474
13.83,0.976151455,0.855637779,-0.254299946
13.84,0.148761525,-0.980307602,1.985117515
13.85,0.437835581,-1.259729132,-0.465746236
13.86,1.311306027,0.324820488,0.329709986
13.87,1.212482444,-0.861611655,1.169688729
13.88,0.613464433,1.117725987,0.790467724
13.89,-0.221881205,-1.252714837,0.317214713
13.9,0.828071158,0.56204534,0.95895036
13.91,0.603637768,1.087954821,-1.002817358
13.92,-0.076947667,2.325787619,-0.937734723
13.93,-0.831418885,-0.047797925,0.577868921
13.94,0.250437818,1.409944641,-0.491021358
13.95,-1.373200693,1.836000305,1.473476834
13.96,0.982583851,-1.866191779,0.978900011
13.97,0.602101821,-1.973784646,1.58823585
13.98,-0.9516713,-0.777188319,1.659623634
13.99,-1.385331475,0.002205882,0.082241743
14,-1.117408491,0.150991894,-0.824156748
14.01,0.776077057,-0.077021899,-0.282588791
14.02,-2.588711873,0.896580121,1.559159419
14.03,0.971220576,1.859416323,-0.056876993
14.04,0.907693248,-1.931592022,-0.341677355
14.05,0.767905012,1.462815478,0.2177127
14.06,0.371133885,1.077721104,-1.236770351
14.07,1.758307693,-0.543050706,0.194574699
14.08,-0.782027692,-1.563991002,0.053059935
14.09,-0.31729889,0.800991615,-0.68197604
14.1,0.475751665,-1.027547524,1.061298427
14.11,-0.251996757,0.108537672,-0.447856678
14.12,-1.388166853,0.419709958,2.131991059
14.13,-1.601017015,-0.348276478,-1.775629094
14.14,-0.246316571,-0.062098449,-0.119605908
14.15,-1.185311758,1.265333851,0.059868898
14.16,-0.566033607,0.719643734,1.678905093
14.17,0.326270261,-0.106595752,-0.505139638
14.18,-0.94065153,0.213853238,0.235404952
14.19,1.386285948,-0.958525983,-0.189680621
14.2,0.362184342,1.84441189,0.462904308
14.21,0.401832098,0.183334126,-0.459628813
14.22,-0.958125514,0.04447157,-0.659645243
14.23,-1.753124397,-1.630842819,2.252821886
14.24,-0.80296672,-0.179814193,-1.022461948
14.25,-1.044259219,0.734091319,0.702146109
14.26,0.420938707,-0.960566324,-1.995839058
14.27,-0.002757542,0.599889695,-1.885668277
14.28,-0.527922712,-1.676746352,0.580794207
14.29,-0.229381544,0.841138767,0.048092086
14.3,0.45060241,0.458980764,-1.218155478
14.31,1.740641719,0.670838702,-0.875303106
14.32,-2.608085336,-1.402132075,-0.31398911
14.33,-1.410117693,-0.565472584,0.895708857
14.34,3.210936784,0.186967052,-0.619340866
14.35,-0.560964294,1.883816227,-1.485754677
14.36,2.181456318,1.583729202,0.86047032
14.37,2.308980545,-1.959239774,0.412547317
14.38,0.064246447,-0.132915646,1.049136007
14.39,0.359947276,-2.539197942,-0.92603726
14.4,-2.563366418,-1.690211113,0.944728354
14.41,-0.665164449,1.375632557,-0.563384702
14.42,-1.983429727,-0.612198307,1.685238613
14.43,1.084238877,0.307745377,-0.428867626
14.44,-0.673693006,-0.229465215,0.15441256
14.45,-0.317589429,-1.565732339,-0.503316701
14.46,-0.301184767,0.685462673,1.145326608
14.47,0.807557852,-0.096029825,1.569218252
14.48,-1.000498142,0.254593892,-0.580747226
14.49,-1.314104599,-0.433358563,-0.936945293
14.5,0.077221692,-1.403057236,-1.199676892
14.51,-0.527545982,-0.339923083,-1.127381311
14.52,-0.476927921,0.443060763,0.582193221
14.53,-1.652168528,0.563855813,1.251946624
14.54,-1.779903759,0.849161779,0.678934071
14.55,-0.171292127,-0.904834198,0.219905847
14.56,0.66560374,-0.542708324,-0.275304732
14.57,-0.41269451,0.19954404,1.107901669
14.58,0.22980581,-0.84291328,-0.141226167
14.59,-0.916084137,-1.91404205,1.874286063
14.6,0.485475589,-1.351051483,1.960230035
14.61,-0.401440659,1.788325668,-1.094118746
14.62,-0.684404113,-0.186886979,-0.708889122
14.63,-1.95433951,-0.2293062,0.421058224
14.64,-0.805100781,0.537253117,-0.373998109
14.65,0.019226984,1.793218812,-0.585501808
14.66,2.050279644,-0.56135204,0.493010723
14.67,-0.353838489,-0.346683012,-1.77587963
14.68,-0.573870642,-0.120144194,-1.298088648
14.69,0.011433204,0.432758869,2.042317039
14.7,-1.166229716,1.354349557,1.079675945
14.71,3.042857879,0.066786375,0.304528991
14.72,-0.54419001,-1.870472692,0.140684963
14.73,-0.637638277,0.37252722,-0.224957819
14.74,1.239384772,3.317305205,-0.930991593
14.75,1.081182781,0.289588673,-0.045296143
14.76,-0.156549598,-0.928965696,0.638276302
14.77,0.238300515,0.904930989,1.248339861
14.78,0.330832331,0.747620149,0.564549198
14.79,-0.013526535,-1.830397389,0.846480568
14.8,-0.320994819,-0.715799034,-0.190686616
14.81,-0.614152092,1.925052326,0.516173895
14.82,0.451811463,0.091318842,1.988483835
14.83,-0.437715718,1.097492361,0.490578269
14.84,1.451743568,-0.794201868,0.921774446
14.85,-0.955938745,0.006941587,0.153001918
14.86,0.941529683,0.368479804,-0.0943522
14.87,2.2451445,1.291447638,-0.220455013
14.88,-0.245869753,-0.608736419,0.220784255
14.89,-1.990929973,-0.149084356,-0.478959682
14.9,-0.905371458,-0.616192337,-0.487672902
14.91,-1.033414439,0.736918271,-0.221927792
14.92,1.387075765,-1.006500957,-1.078448927
14.93,-0.440410821,-1.001510593,-0.664601782
14.94,-1.108420582,1.717275097,0.292727823
14.95,-0.09889982,-0.019801316,-0.747606847
14.96,0.576318129,-0.807556149,1.301727712
14.97,1.086724468,1.055794122,0.53457694
14.98,0.728638346,-1.396959554,0.896736129
14.99,1.040832589,0.90366004,-0.006832685
15,0.995648671,0.362119957,0.006969638
15.01,-1.171001138,0.26005888,0.115298227
15.02,1.02362832,0.432639808,1.618296248
15.03,1.281602064,-1.326658766,0.95148934
15.04,0.756011802,0.50476542,1.308607757
15.05,-0.239947343,-1.068279638,-0.653888118
15.06,-0.935851425,2.49022451,-0.914521951
15.07,0.120943143,0.671111838,-0.395401495
15.08,-0.928123752,0.295170359,1.067013009
15.09,-0.231504378,-0.30174032,1.539102161
15.1,0.95986959,0.126061504,0.602059117
15.11,0.557164058,0.688504364,-0.081288989
15.12,1.480557592,0.994523146,1.086026097
15.13,-0.316225303,0.360494155,-0.223594108
15.14,1.354924261,0.545810113,0.947716152
15.15,-2.035191908,-0.258237534,1.391568734
15.16,-1.134759436,-1.169651538,0.3629472
15.17,-0.502930934,0.558629451,0.054466795
15.18,0.788741864,0.514332305,0.025587382
15.19,-0.990142743,2.272078935,-0.268882431
15.2,-1.235278305,-0.767868459,0.74676071
15.21,0.773364115,-1.839224147,-0.548584375
15.22,-0.085643393,0.221734169,-1.329413068
15.23,0.512496181,0.602240825,0.307796581
15.24,0.400224467,0.136701898,2.525360412
15.25,-0.021120587,-1.277152788,0.104269506
15.26,0.306881713,1.340885751,0.531408708
15.27,-0.660590328,-1.668550555,-1.587482535
15.28,0.067318553,1.480836161,2.569306528
15.29,0.704755634,-1.007877148,0.020384094
15.3,-0.162701357,-0.328870451,-0.544564813
15.31,-1.605177151,1.455776319,-0.250824205
15.32,0.908426979,1.895746536,-0.667994012
15.33,0.231531592,0.534827946,-1.052981344
15.34,1.570353716,0.142020498,0.294670568
15.35,-0.099954244,-0.447160294,0.704255474
15.36,0.460339654,1.941827493,1.573282467
15.37,-1.000869196,0.560794867,1.030491968
15.38,-0.011269121,1.033174903,0.678528879
15.39,0.934531362,0.003141814,-0.470585219
15.4,0.265454338,-0.33043726,-0.701211603
15.41,-0.500688365,-0.876869615,-1.567040435
15.42,0.615202183,-0.653676174,1.10208181
15.43,-0.091600778,2.029320896,0.280193121
15.44,-2.104830453,-1.369219072,1.132520389
15.45,-0.648509966,-0.543194766,-0.218798086
15.46,-0.076661908,0.650756383,-0.051778022
15.47,-0.278039479,-0.936599928,-1.78699626
15.48,2.494968395,-1.287805024,-0.932646221
15.49,0.114571068,-1.251227152,0.812234165
15.5,-0.923469234,-0.667843886,1.496050514
15.51,1.174294199,-0.583638606,-2.15609044
15.52,0.372361486,-0.342778213,-1.241511509
15.53,1.35619176,0.674841754,0.500875857
15.54,-1.727896915,0.597378888,0.055035063
15.55,-0.66485017,-0.067703098,-0.300317068
15.56,0.725889439,0.40994908,2.479042439
15.57,-1.136798463,0.686005139,1.238698103
15.58,0.092419818,0.067370684,0.934832463
15.59,-0.05702422,-0.310977836,-0.505476298
15.6,0.741563192,-0.068096684,1.139239551
15.61,-0.698507697,-0.305689563,-0.542550249
15.62,0.3026573,-1.265206183,0.302675319
15.63,0.261861591,1.594291125,3.548433231
15.64,0.174742072,-0.565907049,1.437223448
15.65,-1.144963476,-0.582196004,0.276477199
15.66,0.078020654,-0.303265451,0.284743931
15.67,-0.356367,1.66560166,0.334545694
15.68,-0.067732527,0.027667434,-0.097614595
15.69,-1.153981439,0.144945661,2.113504847
15.7,1.024536731,0.003339143,0.980657517
15.71,-1.889210767,-1.602426957,0.510697406
15.72,-1.608294068,0.375552501,-1.809666612
15.73,-1.005673718,-0.848893311,-0.020955416
15.74,-0.659443719,-0.697990359,0.004794384
15.75,1.349398096,-3.629587874,-0.023043417
15.76,0.013135567,-0.088100378,-0.073339824
15.77,-0.11442393,0.077540672,0.012796562
15.78,1.156002239,-0.605999595,-0.238449081
15.79,0.618864261,-0.869774493,0.002956909
15.8,-0.857580776,0.605768907,1.156725386
15.81,1.973949783,-0.906256012,0.963012825
15.82,1.141015274,-1.11367633,1.242007953
15.83,0.67524821,-0.149163695,1.436079907
15.84,-0.832105511,0.278812921,-0.815515477
15.85,0.685892058,1.345938492,0.006757998
15.86,1.221615734,-1.207320473,0.663433335
15.87,1.115043444,0.099301777,1.513825996
15.88,0.038083007,0.17558283,-1.496107443
15.89,1.677678496,-1.379515251,-0.330502114
15.9,1.190454456,-2.033571372,-1.109024674
15.91,-1.318309829,-0.170132484,-1.635715772
15.92,-0.627768349,1.435257418,0.076590588
15.93,0.511427415,-1.816328359,0.095680775
15.94,0.145994041,0.348979346,-0.265431235
15.95,1.067965528,-0.440148192,1.477079772
15.96,-2.060684089,0.604007285,1.418925947
15.97,0.786716259,0.601465691,-0.452414356
15.98,0.252650665,0.63660095,-1.070275847
15.99,-0.682216483,0.495197775,0.417157508
16,-1.075681279,0.334573362,-0.077577227
16.01,0.677780483,0.883901279,-0.551545183
16.02,0.725848869,0.244948652,1.098477499
16.03,-0.36699367,-1.678528446,0.537304689
16.04,0.593674858,-1.152244244,1.122637268
16.05,-1.029131154,-0.588658247,0.400369431
16.06,-0.61968973,-0.923630742,0.272991695
16.07,0.251287714,-0.75855046,0.442061871
16.08,1.637584192,-1.152408309,-1.334654552
16.09,1.048387168,0.285624688,0.971424073
16.1,-0.560374155,1.359008026,0.181400548
16.11,0.864767859,-0.515884933,-1.692534314
16.12,-0.27033838,0.262553474,-3.358138384
16.13,-0.530167929,-0.580716172,0.681172337
16.14,-1.712502491,-0.766560443,-1.381900511
16.15,-0.209249924,0.51544266,-0.561710869
16.16,-1.254572033,-0.297222578,1.327578153
16.17,-0.834341081,0.005027525,-0.075515427
16.18,1.324950659,0.145621494,-2.360541947
16.19,-0.803343191,0.794639473,-0.996090542
16.2,1.071933543,0.778920497,-0.738416476
16.21,1.071587889,0.920924299,-0.136006308
16.22,-0.112160415,0.278064047,0.046147498
16.23,0.483886895,0.503873343,1.999425517
16.24,0.045382189,-0.315365509,1.832250944
16.25,-0.252476084,0.647735628,-0.411827894
16.26,0.057958643,1.503745521,0.421401676
16.27,-0.314900352,-0.364170949,-0.299534963
16.28,-0.185462916,-0.060883214,1.95879968
16.29,0.433030843,-0.222048803,0.949894858
16.3,-0.289992362,0.133031456,0.256535427
16.31,1.204713509,-1.068956774,0.433798757
16.32,-0.289005931,-0.33530684,0.040584376
16.33,-0.726201938,-1.570110985,-1.178119436
16.34,-0.238476752,0.307042205,0.293808245
16.35,-0.450891796,1.249123662,0.224819446
16.36,-0.798853337,0.068903935,0.191155638
16.37,-1.32706256,-0.066529466,1.967892465
16.38,-1.915929033,-0.670803753,-0.548661144
16.39,1.044831241,-1.831234484,-0.786017803
16.4,0.917419672,-0.289256082,1.688348465
16.41,-0.114922806,0.77727923,0.141664581
16.42,-1.269962914,-0.337962876,-0.945284095
16.43,0.032911663,0.679012261,0.320432163
16.44,1.857789549,-0.124635348,1.706885314
16.45,-1.021074227,0.953350247,2.055141964
16.46,-0.240322709,-0.598763802,0.06178124
16.47,0.120266565,-0.928123754,1.433373591
16.48,-1.158183589,1.677682574,-0.533390774
16.49,-0.480431538,-0.137156871,2.043372121
16.5,0.964112938,-1.738777518,1.065610144
16.51,-1.838851662,0.69023376,2.092450055
16.52,0.724753366,-1.727487674,-0.641433632
16.53,1.183380707,-0.465852113,0.869385731
16.54,1.088626049,-1.755441477,0.226719573
16.55,0.029712911,-0.338049434,-2.238037812
16.56,-0.732810354,-0.711177169,1.234376808
16.57,0.111290528,1.590627217,0.222100403
16.58,0.287027212,1.391374801,-0.12241624
16.59,0.914889809,-0.400913292,-1.566820972
16.6,-0.456368938,1.61795901,-1.774977339
16.61,-0.185808337,0.352965983,0.167571676
16.62,1.736618664,0.144540392,0.130515769
16.63,-1.372872501,-0.196195904,0.998011659
16.64,0.361748862,-0.831361095,-0.247179277
16.65,-0.461626534,-1.508969395,0.162566762
16.66,0.81180973,-0.462085699,0.06167677
16.67,-0.658591533,0.618786713,2.499318208
16.68,0.56730014,-1.498660177,1.450281255
16.69,-0.458308132,-0.187719999,1.106688457
16.7,-1.521782227,2.137691967,-0.526827826
16.71,0.703571261,-0.622047249,-0.184957346
16.72,0.669782468,0.548219667,-0.316048914
16.73,0.982762059,0.469958208,0.211268303
16.74,0.491179427,1.330354732,0.442206862
16.75,-1.275924706,0.126773613,0.233458084
16.76,1.252332357,-0.024507249,1.297191404
16.77,0.472107499,1.642119491,0.916193701
16.78,-0.116086273,1.172917018,0.268938186
16.79,-0.177015163,-0.004257205,-0.990363538
16.8,-0.11240751,-0.906913645,0.118834585
16.81,-0.215797645,0.640179626,-0.239522516
16.82,-0.126091979,-1.236110865,0.673935924
16.83,0.751487296,0.118117856,-0.228093828
16.84,-0.290644233,1.244511822,-1.276661885
16.85,0.81893263,0.079271099,0.836730261
16.86,-1.841168975,-1.017129569,-1.040706027
16.87,0.536290501,-1.595875601,1.836415386
16.88,0.493609849,0.370261146,-0.655013744
16.89,1.557937125,2.231596622,1.387115652
16.9,-1.319438825,1.548709277,1.986123783
16.91,-0.689932171,0.566132417,-1.782600577
16.92,-1.855727197,-1.278933004,-0.165441646
16.93,1.180913,-0.137338224,-0.580136455
16.94,0.106963998,-0.92250253,0.018978928
16.95,0.730606325,-0.058462547,1.600325447
16.96,-0.704511885,-1.102046277,0.375411064
16.97,0.863544107,0.298814882,-0.344498237
16.98,0.028274148,-0.979355953,-1.202483577
16.99,0.05334852,-0.366699682,0.085838221
17,0.400443455,-0.127811574,0.519570981
17.01,-1.593129074,-0.226303681,0.605066352
17.02,-0.292678607,-0.691310802,-0.367433694
17.03,-1.484751832,1.434014793,0.578647467
17.04,-0.588741015,-0.724441689,-0.630900125
17.05,0.251419881,1.191144609,0.441542733
17.06,1.219855832,-0.161732675,-0.943438963
17.07,0.219774086,-0.875046858,-0.837063286
17.08,-0.385067709,0.54996162,0.193667632
17.09,1.00603728,0.616518945,-0.975937457
17.1,0.668586834,1.515258443,-0.243622569
17.11,-1.87587785,-0.266759813,-0.178707392
17.12,-0.49897037,1.594149218,-0.387981624
17.13,0.676813809,0.372026829,-0.268248341
17.14,-1.765362634,1.077888153,0.137316024
17.15,-0.478796089,0.099040729,-0.45174691
17.16,0.163629422,-1.140602974,-0.522992248
17.17,-0.768697977,1.600025162,0.372583267
17.18,0.949342151,0.256090195,-1.690661665
17.19,-1.893440008,0.121889677,1.935937248
17.2,1.226776636,-1.198077528,0.480327731
17.21,-1.538017703,-1.827963867,-0.569771877
17.22,1.74576184,-0.397189593,1.092068922
17.23,-0.415553785,-1.694208128,-0.783601434
17.24,2.095109169,0.31777171,-0.71554399
17.25,-0.217276499,0.685982112,-0.698087018
17.26,1.023461238,0.955545528,-0.186122529
17.27,0.237751309,-0.420129234,0.93183519
17.28,-1.959351465,-0.69982049,-0.300229012
17.29,-0.715596987,0.768314215,0.034263231
17.3,-0.524030174,-0.807542745,0.396982232
17.31,-0.011704326,-0.738814156,1.028433945
17.32,0.085576542,-0.165130119,-0.289204278
17.33,-0.9412261,1.182885217,0.42982835
17.34,-0.244178108,-1.417935999,0.028602607
17.35,-0.190962096,-0.187600213,-1.23092761
17.36,-2.568378323,0.955369696,-0.3331121
17.37,-2.18288377,1.506818236,1.290957074
17.38,0.133207698,0.345624551,-0.202635593
17.39,1.725438737,0.987426146,1.992184609
17.4,-0.238837408,-0.010049274,-0.890788783
17.41,1.027411548,-0.353770675,0.922479286
17.42,-0.609860385,0.220033438,0.814845184
17.43,0.659087821,0.622887662,-1.615020702
17.44,0.812387883,-0.785613365,0.314769782
17.45,-1.944565182,0.995069448,0.217611921
17.46,0.841731832,0.208243638,0.838565763
17.47,-0.71960804,1.737353317,-0.701330742
17.48,-0.277397872,-0.005649862,-0.744291371
17.49,1.57517438,-1.166868052,1.037937448
17.5,0.586070765,-0.506498955,0.85570369
17.51,0.298488947,-0.891654345,0.468871122
17.52,-1.320565255,-0.116933745,-0.259574562
17.53,-0.983343761,0.434902069,-0.728868287
17.54,-0.853759962,-0.330372158,-0.147078869
17.55,-0.310518778,0.891963988,0.322038946
17.56,-0.204745863,0.43727692,-1.266644075
17.57,0.801934671,-0.199736801,-1.285309
17.58,0.35617371,0.159463223,0.824555219
17.59,-1.06914285,1.401048931,-1.109385441
17.6,-0.03588635,1.913435774,1.225860301
17.61,-1.19818966,0.086975919,1.123686091
17.62,0.017753741,-0.429182094,-0.229913348
17.63,-1.684893994,-0.42417845,0.762416999
17.64,0.200153719,-1.871802228,-1.062684668
17.65,0.58029139,-0.807563267,0.45277967
17.66,-0.099879892,-0.765335493,0.701494388
17.67,0.289973744,-0.040334548,0.249595668
17.68,-2.419959877,0.940587811,1.040579541
17.69,0.209133238,-0.119216245,-0.942653364
17.7,-0.157158544,-0.337072255,0.955007395
17.71,1.398239059,0.080314166,-0.18331373
17.72,0.233669738,-0.878568323,-1.956376186
17.73,-0.845352831,0.656056653,0.319456175
17.74,0.762802273,0.939686775,-1.991267732
17.75,0.900541405,-0.560640286,-0.082766006
17.76,0.902242985,-0.69754303,0.898545483
17.77,0.876160883,-0.209959399,0.029351811
17.78,-1.067122333,1.008743794,-0.275338336
17.79,-1.649975405,-0.428828734,-0.098888181
17.8,-1.369999519,-0.963612399,1.196702035
17.81,-0.869243214,0.382614132,-0.966996535
17.82,0.164780819,1.71156013,-0.852158913
17.83,1.057105056,-1.324785501,1.700893382
17.84,0.323110909,-0.3956002,0.768554096
17.85,0.995907968,1.190975898,0.757081082
17.86,-0.949285205,-0.986127952,-1.585084737
17.87,-2.498468378,0.333769474,-0.443423203
17.88,0.262143057,0.024169418,0.853732175
17.89,1.156987539,-0.190168676,0.153555498
17.9,-0.201971306,-0.50170609,-0.645467924
17.91,0.484535994,-0.666539211,-0.220569845
17.92,0.959236742,0.016717899,1.026341599
17.93,-1.269379998,-0.129960037,2.558164907
17.94,0.671898414,-0.406180387,-1.468725602
17.95,0.430290098,-0.363803416,1.272588025
17.96,-0.875418045,0.826401627,1.328321956
17.97,0.943291404,-0.621866754,0.755760888
17.98,0.165619977,-2.072345334,1.021121214
17.99,0.060544849,0.851705489,-0.098541158
18,0.399957468,-1.416942287,-1.38858289
18.01,-1.439516602,0.366556814,1.326271896
18.02,-0.749236711,0.001765448,0.52025347
18.03,-0.269171759,2.122038346,0.037894595
18.04,0.904660653,-0.191011984,-2.122570944
18.05,-0.622282957,0.225946068,0.344106799
18.06,1.488574373,-1.647593283,0.49828576
18.07,-1.149641937,-1.056333577,1.665826564
18.08,-0.52510503,0.976442086,-0.036415656
18.09,-1.313509267,-1.145986805,-0.132536194
18.1,-0.854856243,-2.018139967,-0.041276523
18.11,0.186453193,0.399359119,-0.98129197
18.12,-0.316385426,-0.974614605,-1.131637667
18.13,-0.815646395,0.552786669,2.336162471
18.14,0.799497185,-1.867888696,-1.890395876
18.15,-1.270413117,-1.446763101,0.135415231
18.16,0.521301408,1.029450561,-1.079485947
18.17,0.076708981,0.442132919,0.326059945
18.18,-0.483055214,1.96006421,0.423840864
18.19,0.475023432,0.652744631,0.767499531
18.2,0.861457213,-1.848760525,-0.485906683
18.21,-0.60909736,0.310949721,0.750012156
18.22,-0.857866962,0.955890091,0.423238845
18.23,0.929021878,0.684433002,-0.550758878
18.24,1.592375739,0.990020571,0.679604943
18.25,0.626773049,1.202344049,0.072987248
18.26,0.008146058,0.708217672,-0.155014779
18.27,-0.586918231,-0.764608839,0.734419646
18.28,-0.997336007,-0.350218315,-1.143861419
18.29,0.956854052,-0.903649853,-1.704684542
18.3,0.0030955,-1.29310592,-1.439933514
18.31,1.052685781,-1.317191646,0.337766656
18.32,-0.866125046,-0.372972946,1.16430316
18.33,1.728310132,-1.528400057,1.447628615
18.34,0.730393205,-0.203020602,-2.691689241
18.35,1.15282139,-0.555828774,-0.534431325
18.36,-1.397768753,1.805160644,-0.593505061
18.37,-0.548576896,0.545430347,-0.59362372
18.38,0.186876241,0.822786089,-0.717676487
18.39,0.884740302,2.097249417,-2.206456512
18.4,-1.14212583,-0.388020849,0.203709674
18.41,-2.250574327,-0.090445847,-1.135194429
18.42,-0.055242413,-1.449857022,0.345188602
18.43,-1.263522495,0.878137279,1.113588221
18.44,-1.1296907,0.745081632,-0.333971665
18.45,2.189439498,1.35994547,-0.345768905
18.46,-0.674020152,-0.500847312,2.105244587
18.47,-2.420801972,0.792533072,1.773162373
18.48,0.787998584,0.493026482,-1.400929929
18.49,-0.409104674,1.122172643,0.914703961
18.5,-0.426125056,0.583039211,0.159707011
18.51,-0.196224076,-0.139281354,1.988206327
18.52,-0.555236308,1.015015932,2.782217367
18.53,1.734380566,1.002559215,-0.569562508
18.54,-1.154391131,0.048716413,0.820220307
18.55,1.19212827,-0.419551257,1.219418829
18.56,-0.758889115,1.271721731,-2.156059732
18.57,-0.57556554,1.583464348,-2.079139187
18.58,0.519484814,0.961526673,-2.975809304
18.59,-0.898851225,0.047254072,0.264277214
18.6,-1.307934409,-0.137832289,-0.131616955
18.61,0.132693846,0.188173282,-1.235736654
18.62,-1.072822862,1.428273996,-0.643548843
18.63,-0.348604901,0.222808014,-1.248183072
18.64,0.776457011,-0.868827585,-0.344470125
18.65,-0.411156336,0.461901276,-1.22392124
18.66,-1.568531261,-1.211293633,1.181092137
18.67,-0.64631785,0.597309959,0.559051747
18.68,-0.002945321,0.752834578,1.715776047
18.69,0.048449893,-0.858137211,-0.513540441
18.7,0.209751359,-1.631550055,1.565195657
18.71,0.520645276,1.060839179,0.104840557
18.72,-0.600665831,-1.295167537,-0.391990503
18.73,0.120150874,-0.452398614,-0.104602
18.74,-0.363606005,-0.1003077,-0.36565709
18.75,-1.401318857,-1.079953609,-0.14768315
18.76,-0.645976797,0.543394835,-0.184602408
18.77,-0.368954307,-0.822486865,-0.19838764
18.78,-0.708799587,0.6113227,-0.55054305
18.79,-1.177489528,1.786554524,-0.556611418
18.8,0.562336208,-1.851355342,0.537966183
18.81,-0.512454284,-1.262453105,-1.02953929
18.82,0.121551804,0.465565301,0.382595597
18.83,-1.692775912,-0.891936591,1.663663106
18.84,0.989662273,1.631338347,-0.332823034
18.85,-2.863241123,-0.391342418,-0.132031684
18.86,-0.426173724,-0.190526448,2.083360089
18.87,-0.035884926,-0.351426051,0.728220477
18.88,0.155455461,-0.946250316,-0.411437824
18.89,-0.47724599,-0.377014592,-1.343966297
18.9,-2.897439706,0.184459891,-0.866355783
18.91,0.010383214,-1.473456432,-0.135417983
18.92,0.90775479,-0.483687895,-0.314374608
18.93,-1.371121305,-2.159644868,0.964570845
18.94,-1.238554857,-0.097926226,0.652444013
18.95,0.274911607,0.065174608,0.167251601
18.96,0.378827093,0.529112529,1.821998891
18.97,0.534393869,1.018949878,-0.901346762
18.98,-1.496941526,0.585382278,-0.46874458
18.99,-1.472724839,0.765231189,1.520991343
19,0.057418005,-0.22700872,-0.733687426
19.01,1.948819614,0.70124978,0.870634519
19.02,-0.282301717,0.963349102,-1.574817641
19.03,0.954103888,-0.110379643,0.422782661
19.04,0.436249422,-0.859728366,0.517005649
19.05,-3.409886634,0.395734738,0.31780824
19.06,-0.186240775,-0.498115117,-1.229320805
19.07,0.031366608,-0.410099331,-0.078813361
19.08,-1.251920505,-1.075285202,-0.913960906
19.09,-0.95509288,0.647747883,-0.121057283
19.1,-0.789761941,-0.105520014,-0.943099729
19.11,-1.004966944,-0.872313036,0.289873926
19.12,1.232769347,0.519741331,-0.220002333
19.13,1.08598331,0.415467851,0.833505593
19.14,0.31964326,-2.388929665,0.415921352
19.15,0.655761726,-0.664786426,-0.616982244
19.16,-0.04141125,1.577708917,0.082204367
19.17,1.53704111,1.083238295,2.482096322
19.18,1.108328086,-0.981695862,0.262774122
19.19,-0.504884303,1.139231107,1.146420727
19.2,-0.427504198,-0.664164759,0.382456213
19.21,0.233438818,0.107021596,-0.249917809
19.22,-0.561871394,-0.694671146,1.611189353
19.23,1.173969393,0.224822012,-0.051839711
19.24,-0.299867748,1.502773523,1.90711359
19.25,0.490212066,1.191830449,-0.220985097
19.26,-0.543464803,3.124341377,-0.259937036
19.27,0.188507621,0.698900856,1.648433944
19.28,1.937925528,-1.709876159,-0.684178229
19.29,-0.333403025,-0.677195931,0.595166531
19.3,1.237165605,-0.129009261,0.750749038
19.31,-0.755451546,-0.183218694,1.784941791
19.32,-0.134450571,0.984618167,0.347822284
19.33,-0.064912349,-0.543812811,-0.654147613
19.34,0.423241018,1.217626651,-0.349677138
19.35,1.970250294,-0.072284053,0.868516517
19.36,-2.095686077,0.546654949,-0.354671945
19.37,1.078931076,0.923626641,0.752158099
19.38,-0.42031202,-0.014972491,1.898666644
19.39,0.513703799,0.34448166,-0.552147888
19.4,2.018594109,0.80341278,0.72553706
19.41,0.595710106,-1.139791045,-0.393439895
19.42,0.679591911,2.011240925,-1.165193878
19.43,-0.732251048,-0.146184017,0.839155685
19.44,0.455374212,0.210141366,-0.983409187
19.45,-0.231367139,-0.223636729,-0.416254254
19.46,-0.525992759,-0.359593201,-0.166554806
19.47,1.101047246,0.974288344,-1.604002045
19.48,0.903160195,0.160373609,-0.912101013
19.49,0.096847185,-0.235682742,0.372602341
19.5,0.271652515,-0.827233784,0.279864028
19.51,1.171160811,-1.327532494,-0.233468922
19.52,0.711927843,-0.191808577,0.30716289
19.53,0.315202101,-1.94073965,1.337381195
19.54,1.148259268,0.889911902,0.60861105
19.55,-2.17022317,-0.213403759,-1.494723807
19.56,-0.623479656,0.538780153,-0.697242668
19.57,-0.707765322,-0.016965735,-1.054912569
19.58,-0.785694733,1.448658012,-1.018151712
19.59,0.147277475,-0.816340896,-0.046905734
19.6,0.79112174,1.211680531,-0.56153105
19.61,-0.219703388,0.886534583,0.294250733
19.62,0.528082078,0.231275439,0.512431695
19.63,0.26200597,0.581228547,0.728235043
19.64,0.61238351,1.772264496,-0.965120711
19.65,0.34420717,1.485632426,0.571344188
19.66,-0.290808367,0.598526741,0.768746998
19.67,0.465889484,0.282772282,-0.615166525
19.68,-1.638621454,1.139957338,-1.439530146
19.69,0.560558051,-0.351081541,0.492224228
19.7,0.505939258,0.331103117,-1.228959344
19.71,0.446307944,0.967484213,-0.576388724
19.72,-0.151711365,1.520191377,0.0498996
19.73,0.133328552,1.629852761,-1.300449209
19.74,-0.810138242,-0.504804743,-0.175521781
19.75,-0.451775551,-0.606728724,0.382099406
19.76,1.177284067,0.249880967,0.528244929
19.77,-0.336451739,0.115842954,0.40958032
19.78,-0.760928352,0.354808382,-1.173455835
19.79,0.730979126,-0.545050964,-0.350643288
19.8,0.16198851,0.750677679,-2.319012444
19.81,-1.207299365,-1.895776477,0.62515551
19.82,-0.516118498,-1.845783398,-0.590886986
19.83,-0.218084581,1.926221921,-0.805584474
19.84,0.976151455,0.855637779,-0.254299946
19.85,0.148761525,-0.980307602,1.985117515
19.86,0.437835581,-1.259729132,-0.465746236
19.87,1.311306027,0.324820488,0.329709986
19.88,1.212482444,-0.861611655,1.169688729
19.89,0.613464433,1.117725987,0.790467724
19.9,-0.221881205,-1.252714837,0.317214713
19.91,0.828071158,0.56204534,0.95895036
19.92,0.603637768,1.087954821,-1.002817358
19.93,-0.076947667,2.325787619,-0.937734723
19.94,-0.831418885,-0.047797925,0.577868921
19.95,0.250437818,1.409944641,-0.491021358
19.96,-1.373200693,1.836000305,1.473476834
19.97,0.982583851,-1.866191779,0.978900011
19.98,0.602101821,-1.973784646,1.58823585
19.99,-0.9516713,-0.777188319,1.659623634
20,-1.385331475,0.002205882,0.082241743
20.01,-1.117408491,0.150991894,-0.824156748
20.02,0.776077057,-0.077021899,-0.282588791
20.03,-2.588711873,0.896580121,1.559159419
20.04,0.971220576,1.859416323,-0.056876993
20.05,0.907693248,-1.931592022,-0.341677355
20.06,0.767905012,1.462815478,0.2177127
20.07,0.371133885,1.077721104,-1.236770351
20.08,1.758307693,-0.543050706,0.194574699
20.09,-0.782027692,-1.563991002,0.053059935
20.1,-0.31729889,0.800991615,-0.68197604
20.11,0.475751665,-1.027547524,1.061298427
20.12,-0.251996757,0.108537672,-0.447856678
20.13,-1.388166853,0.419709958,2.131991059
20.14,-1.601017015,-0.348276478,-1.775629094
20.15,-0.246316571,-0.062098449,-0.119605908
20.16,-1.185311758,1.265333851,0.059868898
20.17,-0.566033607,0.719643734,1.678905093
20.18,0.326270261,-0.106595752,-0.505139638
20.19,-0.94065153,0.213853238,0.235404952
20.2,1.386285948,-0.958525983,-0.189680621
20.21,0.362184342,1.84441189,0.462904308
20.22,0.401832098,0.183334126,-0.459628813
20.23,-0.958125514,0.04447157,-0.659645243
20.24,-1.753124397,-1.630842819,2.252821886
20.25,-0.80296672,-0.179814193,-1.022461948
20.26,-1.044259219,0.734091319,0.702146109
20.27,0.420938707,-0.960566324,-1.995839058
20.28,-0.002757542,0.599889695,-1.885668277
20.29,-0.527922712,-1.676746352,0.580794207
20.3,-0.229381544,0.841138767,0.048092086
20.31,0.45060241,0.458980764,-1.218155478
20.32,1.740641719,0.670838702,-0.875303106
20.33,-2.608085336,-1.402132075,-0.31398911
20.34,-1.410117693,-0.565472584,0.895708857
20.35,3.210936784,0.186967052,-0.619340866
20.36,-0.560964294,1.883816227,-1.485754677
20.37,2.181456318,1.583729202,0.86047032
20.38,2.308980545,-1.959239774,0.412547317
20.39,0.064246447,-0.132915646,1.049136007
20.4,0.359947276,-2.539197942,-0.92603726
20.41,-2.563366418,-1.690211113,0.944728354
20.42,-0.665164449,1.375632557,-0.563384702
20.43,-1.983429727,-0.612198307,1.685238613
20.44,1.084238877,0.307745377,-0.428867626
20.45,-0.673693006,-0.229465215,0.15441256
20.46,-0.317589429,-1.565732339,-0.503316701
20.47,-0.301184767,0.685462673,1.145326608
20.48,0.807557852,-0.096029825,1.569218252
20.49,-1.000498142,0.254593892,-0.580747226
20.5,-1.314104599,-0.433358563,-0.936945293
20.51,0.077221692,-1.403057236,-1.199676892
20.52,-0.527545982,-0.339923083,-1.127381311
20.53,-0.476927921,0.443060763,0.582193221
20.54,-1.652168528,0.563855813,1.251946624
20.55,-1.779903759,0.849161779,0.678934071
20.56,-0.171292127,-0.904834198,0.219905847
20.57,0.66560374,-0.542708324,-0.275304732
20.58,-0.41269451,0.19954404,1.107901669
20.59,0.22980581,-0.84291328,-0.141226167
20.6,-0.916084137,-1.91404205,1.874286063
20.61,0.485475589,-1.351051483,1.960230035
20.62,-0.401440659,1.788325668,-1.094118746
20.63,-0.684404113,-0.186886979,-0.708889122
20.64,-1.95433951,-0.2293062,0.421058224
20.65,-0.805100781,0.537253117,-0.373998109
20.66,0.019226984,1.793218812,-0.585501808
20.67,2.050279644,-0.56135204,0.493010723
20.68,-0.353838489,-0.346683012,-1.77587963
20.69,-0.573870642,-0.120144194,-1.298088648
20.7,0.011433204,0.432758869,2.042317039
20.71,-1.166229716,1.354349557,1.079675945
20.72,3.042857879,0.066786375,0.304528991
20.73,-0.54419001,-1.870472692,0.140684963
20.74,-0.637638277,0.37252722,-0.224957819
20.75,1.239384772,3.317305205,-0.930991593
20.76,1.081182781,0.289588673,-0.045296143
20.77,-0.156549598,-0.928965696,0.638276302
20.78,0.238300515,0.904930989,1.248339861
20.79,0.330832331,0.747620149,0.564549198
20.8,-0.013526535,-1.830397389,0.846480568
20.81,-0.320994819,-0.715799034,-0.190686616
20.82,-0.614152092,1.925052326,0.516173895
20.83,0.451811463,0.091318842,1.988483835
20.84,-0.437715718,1.097492361,0.490578269
20.85,1.451743568,-0.794201868,0.921774446
20.86,-0.955938745,0.006941587,0.153001918
20.87,0.941529683,0.368479804,-0.0943522
20.88,2.2451445,1.291447638,-0.220455013
20.89,-0.245869753,-0.608736419,0.220784255
20.9,-1.990929973,-0.149084356,-0.478959682
20.91,-0.905371458,-0.616192337,-0.487672902
20.92,-1.033414439,0.736918271,-0.221927792
20.93,1.387075765,-1.006500957,-1.078448927
20.94,-0.440410821,-1.001510593,-0.664601782
20.95,-1.108420582,1.717275097,0.292727823
20.96,-0.09889982,-0.019801316,-0.747606847
20.97,0.576318129,-0.807556149,1.301727712
20.98,1.086724468,1.055794122,0.53457694
20.99,0.728638346,-1.396959554,0.896736129
21,1.040832589,0.90366004,-0.006832685
21.01,0.995648671,0.362119957,0.006969638
21.02,-1.171001138,0.26005888,0.115298227
21.03,1.02362832,0.432639808,1.618296248
21.04,1.281602064,-1.326658766,0.95148934
21.05,0.756011802,0.50476542,1.308607757
21.06,-0.239947343,-1.068279638,-0.653888118
21.07,-0.935851425,2.49022451,-0.914521951
21.08,0.120943143,0.671111838,-0.395401495
21.09,-0.928123752,0.295170359,1.067013009
21.1,-0.231504378,-0.30174032,1.539102161
21.11,0.95986959,0.126061504,0.602059117
21.12,0.557164058,0.688504364,-0.081288989
21.13,1.480557592,0.994523146,1.086026097
21.14,-0.316225303,0.360494155,-0.223594108
21.15,1.354924261,0.545810113,0.947716152
21.16,-2.035191908,-0.258237534,1.391568734
21.17,-1.134759436,-1.169651538,0.3629472
21.18,-0.502930934,0.558629451,0.054466795
21.19,0.788741864,0.514332305,0.025587382
21.2,-0.990142743,2.272078935,-0.268882431
21.21,-1.235278305,-0.767868459,0.74676071
21.22,0.773364115,-1.839224147,-0.548584375
21.23,-0.085643393,0.221734169,-1.329413068
21.24,0.512496181,0.602240825,0.307796581
21.25,0.400224467,0.136701898,2.525360412
21.26,-0.021120587,-1.277152788,0.104269506
21.27,0.306881713,1.340885751,0.531408708
21.28,-0.660590328,-1.668550555,-1.587482535
21.29,0.067318553,1.480836161,2.569306528
21.3,0.704755634,-1.007877148,0.020384094
21.31,-0.162701357,-0.328870451,-0.544564813
21.32,-1.605177151,1.455776319,-0.250824205
21.33,0.908426979,1.895746536,-0.667994012
21.34,0.231531592,0.534827946,-1.052981344
21.35,1.570353716,0.142020498,0.294670568
21.36,-0.099954244,-0.447160294,0.704255474
21.37,0.460339654,1.941827493,1.573282467
21.38,-1.000869196,0.560794867,1.030491968
21.39,-0.011269121,1.033174903,0.678528879
21.4,0.934531362,0.003141814,-0.470585219
21.41,0.265454338,-0.33043726,-0.701211603
21.42,-0.500688365,-0.876869615,-1.567040435
21.43,0.615202183,-0.653676174,1.10208181
21.44,-0.091600778,2.029320896,0.280193121
21.45,-2.104830453,-1.369219072,1.132520389
21.46,-0.648509966,-0.543194766,-0.218798086
21.47,-0.076661908,0.650756383,-0.051778022
21.48,-0.278039479,-0.936599928,-1.78699626
21.49,2.494968395,-1.287805024,-0.932646221
21.5,0.114571068,-1.251227152,0.812234165
21.51,-0.923469234,-0.667843886,1.496050514
21.52,1.174294199,-0.583638606,-2.15609044
21.53,0.372361486,-0.342778213,-1.241511509
21.54,1.35619176,0.674841754,0.500875857
21.55,-1.727896915,0.597378888,0.055035063
21.56,-0.66485017,-0.067703098,-0.300317068
21.57,0.725889439,0.40994908,2.479042439
21.58,-1.136798463,0.686005139,1.238698103
21.59,0.092419818,0.067370684,0.934832463
21.6,-0.05702422,-0.310977836,-0.505476298
21.61,0.741563192,-0.068096684,1.139239551
21.62,-0.698507697,-0.305689563,-0.542550249
21.63,0.3026573,-1.265206183,0.302675319
21.64,0.261861591,1.594291125,3.548433231
21.65,0.174742072,-0.565907049,1.437223448
21.66,-1.144963476,-0.582196004,0.276477199
