X,Y,,
0,0.1,,
0.002,0.11,,
0.004,0.13,,
0.006,0.14,,
0.008,0.15,,
0.01,0.15,,
0.012,0.18,,
0.014,0.21,,
0.016,0.23,,
0.018,0.25,,
0.02,0.25,,
0.022,0.25,,
0.024,0.25,,
0.026,0.26,,
0.028,0.27,,
0.03,0.28,,
0.032,0.29,,
0.034,0.29,,
0.036,0.28,,
0.038,0.26,,
0.04,0.25,,
0.042,0.24,,
0.044,0.25,,
0.046,0.25,,
0.048,0.25,,
0.05,0.23,,
0.052,0.19,,
0.054,0.18,,
0.056,0.17,,
0.058,0.17,,
0.06,0.17,,
0.062,0.16,,
0.064,0.15,,
0.066,0.13,,
0.068,0.12,,
0.07,0.11,,
0.072,0.09,,
0.074,0.06,,
0.076,0.03,,
0.078,0,,
0.08,-0.01,,
0.082,-0.02,,
0.084,-0.03,,
0.086,-0.04,,
0.088,-0.06,,
0.09,-0.07,,
0.092,-0.1,,
0.094,-0.14,,
0.096,-0.16,,
0.098,-0.17,,
0.1,-0.19,,
0.102,-0.2,,
0.104,-0.21,,
0.106,-0.21,,
0.108,-0.22,,
0.11,-0.22,,
0.112,-0.21,,
0.114,-0.2,,
0.116,-0.2,,
0.118,-0.22,,
0.12,-0.23,,
0.122,-0.24,,
0.124,-0.23,,
0.126,-0.22,,
0.128,-0.21,,
0.13,-0.21,,
0.132,-0.22,,
0.134,-0.23,,
0.136,-0.25,,
0.138,-0.26,,
0.14,-0.26,,
0.142,-0.25,,
0.144,-0.24,,
0.146,-0.23,,
0.148,-0.21,,
0.15,-0.21,,
0.152,-0.22,,
0.154,-0.22,,
0.156,-0.21,,
0.158,-0.19,,
0.16,-0.18,,
0.162,-0.18,,
0.164,-0.19,,
0.166,-0.19,,
0.168,-0.17,,
0.17,-0.17,,
0.172,-0.17,,
0.174,-0.16,,
0.176,-0.16,,
0.178,-0.17,,
0.18,-0.18,,
0.182,-0.18,,
0.184,-0.17,,
0.186,-0.16,,
0.188,-0.15,,
0.19,-0.14,,
0.192,-0.15,,
0.194,-0.14,,
0.196,-0.12,,
0.198,-0.1,,
0.2,0.02,,
0.202,-0.100901699,, 
0.204,-0.140901699,,
0.206,0.000901699,,
0.208,-0.059098301,,
0.21,-0.18,,
0.212,-0.039098301,,
0.214,0.020901699,,
0.216,-0.130901699,,
0.218,-0.070901699,,
0.22,0.07,,
0.222,-0.060901699,,
0.224,-0.090901699,,
0.226,0.070901699,,
0.228,0.030901699,,
0.23,-0.1,,
0.232,0.030901699,,
0.234,0.070901699,,
0.236,-0.090901699,,
0.238,-0.030901699,,
0.24,0.11,,
0.242,-0.030901699,,
0.244,-0.070901699,,
0.246,0.100901699,,
0.248,0.040901699,,
0.25,-0.1,,
0.252,0.020901699,,
0.254,0.080901699,,
0.256,-0.080901699,,
0.258,-0.020901699,,
0.26,0.11,,
0.262,-0.030901699,,
0.264,-0.090901699,,
0.266,0.080901699,,
0.268,0.030901699,,
0.27,-0.1,,
0.272,0.040901699,,
0.274,0.090901699,,
0.276,-0.070901699,,
0.278,-0.020901699,,
0.28,0.13,,
0.282,0.019098301,,
0.284,-0.030901699,,
0.286,0.140901699,,
0.288,0.090901699,,
0.29,-0.05,,
0.292,0.060901699,,
0.294,0.120901699,,
0.296,-0.040901699,,
0.298,0.019098301,,
0.3,0.14,,
0.302,-0.000901699,,
0.304,-0.070901699,,
0.306,0.070901699,,
0.308,0.020901699,,
0.31,-0.1,,
0.312,0.040901699,,
0.314,0.110901699,,
0.316,-0.050901699,,
0.318,-0.010901699,,
0.32,0.11,,
0.322,-0.010901699,,
0.324,-0.050901699,,
0.326,0.110901699,,
0.328,0.060901699,,
0.33,-0.06,,
0.332,0.070901699,,
0.334,0.090901699,,
0.336,-0.080901699,,
0.338,-0.030901699,,
0.34,0.1,,
0.342,-0.030901699,,
0.344,-0.080901699,,
0.346,0.090901699,,
0.348,0.030901699,,
0.35,-0.1,,
0.352,0.050901699,,
0.354,0.110901699,,
0.356,-0.040901699,,
0.358,0.019098301,,
0.36,0.14,,
0.362,0.019098301,,
0.364,-0.010901699,,
0.366,0.170901699,,
0.368,0.130901699,,
0.37,0,,
0.372,0.130901699,,
0.374,0.160901699,,
0.376,-0.030901699,,
0.378,0.019098301,,
0.38,0.18,,
0.382,0.059098301,,
0.384,0.009098301,,
0.386,0.180901699,,
0.388,0.120901699,,
0.39,-0.04,,
0.392,0.090901699,,
0.394,0.150901699,,
0.396,0.019098301,,
0.398,0.079098301,,
0.4,0.23,,
0.402,0.13,,
0.404,0.13,,
0.406,0.14,,
0.408,0.13,,
0.41,0.12,,
0.412,0.12,,
0.414,0.14,,
0.416,0.14,,
0.418,0.12,,
0.42,0.12,,
0.422,0.12,,
0.424,0.12,,
0.426,0.13,,
0.428,0.16,,
0.43,0.17,,
0.432,0.17,,
0.434,0.18,,
0.436,0.18,,
0.438,0.17,,
0.44,0.19,,
0.442,0.28,,
0.444,0.4,,
0.446,0.52,,
0.448,0.66,,
0.45,0.79,,
0.452,0.9,,
0.454,0.99,,
0.456,1.06,,
0.458,1.1,,
0.46,1.1,,
0.462,1.04,,
0.464,0.91,,
0.466,0.67,,
0.468,0.37,,
0.47,0.11,,
0.472,-0.04,,
0.474,-0.14,,
0.476,-0.19,,
0.478,-0.22,,
0.48,-0.23,,
0.482,-0.23,,
0.484,-0.22,,
0.486,-0.22,,
0.488,-0.21,,
0.49,-0.19,,
0.492,-0.17,,
0.494,-0.14,,
0.496,-0.11,,
0.498,-0.07,,
0.5,-0.05,,
0.502,-0.07,,
0.504,-0.06,,
0.506,-0.03,,
0.508,-0.02,,
0.51,0,,
0.512,0,,
0.514,0.02,,
0.516,0.02,,
0.518,0.02,,
0.52,0.02,,
0.522,0.02,,
0.524,0.01,,
0.526,0.01,,
0.528,0.01,,
0.53,0,,
0.532,0,,
0.534,0,,
0.536,0,,
0.538,0,,
0.54,0,,
0.542,0,,
0.544,0,,
0.546,0.01,,
0.548,0.02,,
0.55,0.01,,
0.552,0,,
0.554,0,,
0.556,0,,
0.558,0,,
0.56,0,,
0.562,0.01,,
0.564,0.01,,
0.566,0.01,,
0.568,0,,
0.57,0.01,,
0.572,0.01,,
0.574,0.01,,
0.576,0.02,,
0.578,0.03,,
0.58,0.04,,
0.582,0.06,,
0.584,0.06,,
0.586,0.04,,
0.588,0.04,,
0.59,0.05,,
0.592,0.05,,
0.594,0.06,,
0.596,0.08,,
0.598,0.1,,
0.6,0.2,,
0.602,0.130901699,,
0.604,0.029098301,,
0.606,0.049098301,,
0.608,0.160901699,,
0.61,0.25,,
0.612,0.200901699,,
0.614,0.099098301,,
0.616,0.119098301,,
0.618,0.250901699,,
0.62,0.34,,
0.622,0.290901699,,
0.624,0.189098301,,
0.626,0.199098301,,
0.628,0.310901699,,
0.63,0.38,,
0.632,0.330901699,,
0.634,0.229098301,,
0.636,0.239098301,,
0.638,0.360901699,,
0.64,0.41,,
0.642,0.310901699,,
0.644,0.199098301,,
0.646,0.229098301,,
0.648,0.360901699,,
0.65,0.44,,
0.652,0.370901699,,
0.654,0.259098301,,
0.656,0.239098301,,
0.658,0.330901699,,
0.66,0.39,,
0.662,0.320901699,,
0.664,0.199098301,,
0.666,0.179098301,,
0.668,0.270901699,,
0.67,0.31,,
0.672,0.220901699,,
0.674,0.099098301,,
0.676,0.099098301,,
0.678,0.200901699,,
0.68,0.26,,
0.682,0.160901699,,
0.684,-0.010901699,,
0.686,-0.040901699,,
0.688,0.050901699,,
0.69,0.1,,
0.692,0.010901699,,
0.694,-0.120901699,,
0.696,-0.150901699,,
0.698,-0.079098301,,
0.7,-0.02,,
0.702,-0.099098301,,
0.704,-0.230901699,,
0.706,-0.250901699,,
0.708,-0.149098301,,
0.71,-0.09,,
0.712,-0.189098301,,
0.714,-0.300901699,,
0.716,-0.290901699,,
0.718,-0.179098301,,
0.72,-0.12,,
0.722,-0.189098301,,
0.724,-0.300901699,,
0.726,-0.320901699,,
0.728,-0.219098301,,
0.73,-0.14,,
0.732,-0.199098301,,
0.734,-0.300901699,,
0.736,-0.310901699,,
0.738,-0.199098301,,
0.74,-0.14,,
0.742,-0.219098301,,
0.744,-0.330901699,,
0.746,-0.310901699,,
0.748,-0.199098301,,
0.75,-0.14,,
0.752,-0.209098301,,
0.754,-0.320901699,,
0.756,-0.320901699,,
0.758,-0.199098301,,
0.76,-0.11,,
0.762,-0.149098301,,
0.764,-0.240901699,,
0.766,-0.240901699,,
0.768,-0.139098301,,
0.77,-0.07,,
0.772,-0.129098301,,
0.774,-0.240901699,,
0.776,-0.230901699,,
0.778,-0.099098301,,
0.78,-0.02,,
0.782,-0.099098301,,
0.784,-0.200901699,,
0.786,-0.180901699,,
0.788,-0.059098301,,
0.79,0.02,,
0.792,-0.049098301,,
0.794,-0.160901699,,
0.796,-0.170901699,,
0.798,-0.059098301,,
0.8,0.01,,
0.802,-0.09,,
0.804,-0.09,,
0.806,-0.08,,
0.808,-0.08,,
0.81,-0.07,,
0.812,-0.07,,
0.814,-0.06,,
0.816,-0.06,,
0.818,-0.06,,
0.82,-0.06,,
0.822,-0.04,,
0.824,-0.04,,
0.826,-0.04,,
0.828,-0.03,,
0.83,-0.02,,
0.832,-0.01,,
0.834,0,,
0.836,0,,
0.838,-0.02,,
0.84,-0.03,,
0.842,-0.02,,
0.844,-0.01,,
0.846,0,,
0.848,0.01,,
0.85,0.02,,
0.852,0.02,,
0.854,0.01,,
0.856,0.02,,
0.858,0.03,,
0.86,0.03,,
0.862,0.03,,
0.864,0.04,,
0.866,0.05,,
0.868,0.05,,
0.87,0.06,,
0.872,0.06,,
0.874,0.06,,
0.876,0.06,,
0.878,0.06,,
0.88,0.03,,
0.882,0.02,,
0.884,0.02,,
0.886,0.02,,
0.888,0.03,,
0.89,0.04,,
0.892,0.03,,
0.894,0.02,,
0.896,0.01,,
0.898,0.04,,
0.9,0.05,,
0.902,0.06,,
0.904,0.06,,
0.906,0.07,,
0.908,0.06,,
0.91,0.07,,
0.912,0.07,,
0.914,0.08,,
0.916,0.08,,
0.918,0.08,,
0.92,0.09,,
0.922,0.08,,
0.924,0.06,,
0.926,0.07,,
0.928,0.08,,
0.93,0.09,,
0.932,0.09,,
0.934,0.09,,
0.936,0.09,,
0.938,0.06,,
0.94,0.05,,
0.942,0.05,,
0.944,0.04,,
0.946,0.04,,
0.948,0.04,,
0.95,0.02,,
0.952,0,,
0.954,0,,
0.956,-0.01,,
0.958,-0.01,,
0.96,0,,
0.962,0,,
0.964,-0.01,,
0.966,-0.04,,
0.968,-0.05,,
0.97,-0.04,,
0.972,-0.04,,
0.974,-0.03,,
0.976,-0.04,,
0.978,-0.05,,
0.98,-0.07,,
0.982,-0.04,,
0.984,-0.03,,
0.986,-0.03,,
0.988,-0.04,,
0.99,-0.04,,
0.992,-0.05,,
0.994,-0.04,,
0.996,-0.01,,
0.998,0.01,,
1,0.02,,
1,-0.02,,
1.002,-0.09,,
1.004,-0.15,,
1.006,-0.17,,
1.008,-0.14,,
1.01,-0.045,,
1.012,0.055,,
1.014,0.11,,
1.016,0.085,,
1.018,0.055,,
1.02,-0.015,,
1.022,-0.13,,
1.024,-0.145,,
1.026,-0.105,,
1.028,-0.06,,
1.03,-0.015,,
1.032,0.075,,
1.034,0.155,,
1.036,0.14,,
1.038,0.12,,
1.04,0,,
1.042,-0.05,,
1.044,-0.1,,
1.046,-0.06,,
1.048,0.01,,
1.05,0.13,,
1.052,0.19,,
1.054,0.205,,
1.056,0.2,,
1.058,0.165,,
1.06,0.075,,
1.062,0.01,,
1.064,-0.005,,
1.066,0.05,,
1.068,0.08,,
1.07,0.18,,
1.072,0.255,,
1.074,0.3,,
1.076,0.3,,
1.078,0.23,,
1.08,0.11,,
1.082,0.05,,
1.084,0.01,,
1.086,0.05,,
1.088,0.095,,
1.09,0.17,,
1.092,0.26,,
1.094,0.29,,
1.096,0.24,,
1.098,0.2,,
1.1,0.09,,
1.102,0,,
1.104,-0.025,,
1.106,0.01,,
1.108,0.05,,
1.11,0.15,,
1.112,0.185,,
1.114,0.225,,
1.116,0.175,,
1.118,0.1,,
1.12,-0.01,,
1.122,-0.075,,
1.124,-0.11,,
1.126,-0.07,,
1.128,-0.035,,
1.13,0.08,,
1.132,0.11,,
1.134,0.13,,
1.136,0.075,,
1.138,0.02,,
1.14,-0.085,,
1.142,-0.145,,
1.144,-0.205,,
1.146,-0.19,,
1.148,-0.14,,
1.15,-0.035,,
1.152,0.045,,
1.154,0.07,,
1.156,0.01,,
1.158,-0.045,,
1.16,-0.15,,
1.162,-0.245,,
1.164,-0.23,,
1.166,-0.18,,
1.168,-0.18,,
1.17,-0.045,,
1.172,0.025,,
1.174,0.035,,
1.176,-0.01,,
1.178,-0.065,,
1.18,-0.165,,
1.182,-0.235,,
1.184,-0.255,,
1.186,-0.205,,
1.188,-0.14,,
1.19,-0.035,,
1.192,0.03,,
1.194,0.04,,
1.196,-0.005,,
1.198,-0.06,,
1.2,-0.16,,
1.202,-0.21,,
1.204,-0.18,,
1.206,-0.135,,
1.208,-0.075,,
1.21,-0.03,,
1.212,0.01,,
1.214,0.04,,
1.216,-0.03,,
1.218,-0.115,,
1.22,-0.175,,
1.222,-0.225,,
1.224,-0.22,,
1.226,-0.17,,
1.228,-0.095,,
1.23,0.015,,
1.232,0.04,,
1.234,0.05,,
1.236,-0.04,,
1.238,-0.08,,
1.24,-0.18,,
1.242,-0.225,,
1.244,-0.2,,
1.246,-0.15,,
1.248,-0.09,,
1.25,0,,
1.252,0.04,,
1.254,0.035,,
1.256,-0.04,,
1.258,-0.09,,
1.26,-0.16,,
1.262,-0.225,,
1.264,-0.19,,
1.266,-0.16,,
1.268,-0.07,,
1.27,0.025,,
1.272,0.03,,
1.274,0.03,,
1.276,0.02,,
1.278,-0.085,,
1.28,-0.215,,
1.282,-0.255,,
1.284,-0.225,,
1.286,-0.17,,
1.288,-0.105,,
1.29,-0.015,,
1.292,0.035,,
1.294,0,,
1.296,-0.035,,
1.298,-0.11,,
1.3,-0.2,,
1.302,-0.225,,
1.304,-0.195,,
1.306,-0.155,,
1.308,-0.09,,
1.31,-0.035,,
1.312,0.025,,
1.314,0,,
1.316,-0.06,,
1.318,-0.12,,
1.32,-0.195,,
1.322,-0.265,,
1.324,-0.23,,
1.326,-0.155,,
1.328,-0.06,,
1.33,0.005,,
1.332,0.01,,
1.334,0,,
1.336,-0.045,,
1.338,-0.125,,
1.34,-0.195,,
1.342,-0.25,,
1.344,-0.225,,
1.346,-0.145,,
1.348,-0.06,,
1.35,0.01,,
1.352,0.06,,
1.354,0.04,,
1.356,0.015,,
1.358,-0.09,,
1.36,-0.205,,
1.362,-0.245,,
1.364,-0.2,,
1.366,-0.14,,
1.368,-0.08,,
1.37,0.025,,
1.372,0.065,,
1.374,0,,
1.376,-0.03,,
1.378,-0.11,,
1.38,-0.175,,
1.382,-0.18,,
1.384,-0.14,,
1.386,-0.075,,
1.388,0.03,,
1.39,0.055,,
1.392,0.08,,
1.394,0.045,,
1.396,0.01,,
1.398,-0.095,,
1.4,-0.17,,
1.402,-0.19,,
1.404,-0.14,,
1.406,-0.145,,
1.408,-0.03,,
1.41,0.02,,
1.412,0.035,,
1.414,-0.005,,
1.416,-0.045,,
1.418,-0.14,,
1.42,-0.235,,
1.422,-0.27,,
1.424,-0.215,,
1.426,-0.185,,
1.428,-0.06,,
1.43,-0.005,,
1.432,0.02,,
1.434,-0.02,,
1.436,-0.075,,
1.438,-0.175,,
1.44,-0.205,,
1.442,-0.24,,
1.444,-0.225,,
1.446,-0.175,,
1.448,-0.095,,
1.45,-0.005,,
1.452,0,,
1.454,-0.01,,
1.456,-0.05,,
1.458,-0.165,,
1.46,-0.265,,
1.462,-0.29,,
1.464,-0.235,,
1.466,-0.175,,
1.468,-0.035,,
1.47,0.01,,
1.472,-0.015,,
1.474,-0.06,,
1.476,-0.115,,
1.478,-0.2,,
1.48,-0.26,,
1.482,-0.27,,
1.484,-0.225,,
1.486,-0.16,,
1.488,-0.04,,
1.49,0.025,,
1.492,0.025,,
1.494,-0.025,,
1.496,-0.095,,
1.498,-0.2,,
1.5,-0.27,,
1.502,-0.26,,
1.504,-0.205,,
1.506,-0.165,,
1.508,-0.14,,
1.51,-0.075,,
1.512,-0.055,,
1.514,-0.055,,
1.516,-0.045,,
1.518,-0.07,,
1.52,-0.07,,
1.522,0.005,,
1.524,0.165,,
1.526,0.33,,
1.528,0.495,,
1.53,0.625,,
1.532,0.77,,
1.534,0.8,,
1.536,0.715,,
1.538,0.6,,
1.54,0.515,,
1.542,0.435,,
1.544,0.355,,
1.546,0.29,,
1.548,0.27,,
1.55,0.14,,
1.552,0.01,,
1.554,-0.155,,
1.556,-0.26,,
1.558,-0.34,,
1.56,-0.38,,
1.562,-0.33,,
1.564,-0.3,,
1.566,-0.185,,
1.568,-0.05,,
1.57,0.005,,
1.572,0.02,,
1.574,0,,
1.576,-0.11,,
1.578,-0.225,,
1.58,-0.25,,
1.582,-0.245,,
1.584,-0.2,,
1.586,-0.115,,
1.588,-0.02,,
1.59,0.04,,
1.592,0.015,,
1.594,-0.055,,
1.596,-0.115,,
1.598,-0.205,,
1.6,-0.215,,
1.602,-0.2,,
1.604,-0.18,,
1.606,-0.1,,
1.608,-0.08,,
1.61,-0.015,,
1.612,0,,
1.614,-0.05,,
1.616,-0.115,,
1.618,-0.21,,
1.62,-0.255,,
1.622,-0.225,,
1.624,-0.155,,
1.626,-0.075,,
1.628,0.015,,
1.63,0.035,,
1.632,0.04,,
1.634,-0.01,,
1.636,-0.1,,
1.638,-0.185,,
1.64,-0.23,,
1.642,-0.2,,
1.644,-0.135,,
1.646,-0.05,,
1.648,0.035,,
1.65,0.065,,
1.652,0.04,,
1.654,-0.005,,
1.656,-0.07,,
1.658,-0.175,,
1.66,-0.225,,
1.662,-0.155,,
1.664,-0.1,,
1.666,-0.015,,
1.668,0.07,,
1.67,0.09,,
1.672,0.055,,
1.674,0.005,,
1.676,-0.08,,
1.678,-0.145,,
1.68,-0.16,,
1.682,-0.145,,
1.684,-0.125,,
1.686,-0.025,,
1.688,0.06,,
1.69,0.105,,
1.692,0.095,,
1.694,0.04,,
1.696,-0.085,,
1.698,-0.13,,
1.7,-0.15,,
1.702,-0.095,,
1.704,-0.03,,
1.706,0.09,,
1.708,0.15,,
1.71,0.15,,
1.712,0.115,,
1.714,0.08,,
1.716,-0.005,,
1.718,-0.04,,
1.72,-0.055,,
1.722,-0.005,,
1.724,0,,
1.726,0.135,,
1.728,0.245,,
1.73,0.245,,
1.732,0.225,,
1.734,0.18,,
1.736,0.04,,
1.738,0,,
1.74,-0.005,,
1.742,0.02,,
1.744,0.115,,
1.746,0.225,,
1.748,0.275,,
1.75,0.28,,
1.752,0.21,,
1.754,0.145,,
1.756,0.075,,
1.758,0.015,,
1.76,0.01,,
1.762,0.05,,
1.764,0.095,,
1.766,0.2,,
1.768,0.25,,
1.77,0.26,,
1.772,0.225,,
1.774,0.135,,
1.776,0,,
1.778,-0.07,,
1.78,-0.04,,
1.782,-0.01,,
1.784,0.01,,
1.786,0.14,,
1.788,0.18,,
1.79,0.17,,
1.792,0.115,,
1.794,0.06,,
1.796,-0.095,,
1.798,-0.14,,
1.8,-0.13,,
1.802,-0.08,,
1.804,-0.035,,
1.806,0.055,,
1.808,0.095,,
1.81,0.09,,
1.812,0.03,,
1.814,-0.02,,
1.816,-0.125,,
1.818,-0.19,,
1.82,-0.21,,
1.822,-0.145,,
1.824,-0.1,,
1.826,0.035,,
1.828,0.095,,
1.83,0.045,,
1.832,0.015,,
1.834,-0.045,,
1.836,-0.17,,
1.838,-0.235,,
1.84,-0.24,,
1.842,-0.19,,
1.844,-0.065,,
1.846,0.03,,
1.848,0.035,,
1.85,0.005,,
1.852,-0.02,,
1.854,-0.06,,
1.856,-0.21,,
1.858,-0.23,,
1.86,-0.22,,
1.862,-0.165,,
1.864,-0.08,,
1.866,0.01,,
1.868,0.045,,
1.87,0.045,,
1.872,0.01,,
1.874,-0.08,,
1.876,-0.17,,
1.878,-0.23,,
1.88,-0.19,,
1.882,-0.135,,
1.884,-0.085,,
1.886,0,,
1.888,0.06,,
1.89,0.075,,
1.892,-0.005,,
1.894,-0.095,,
1.896,-0.17,,
1.898,-0.19,,
1.9,-0.195,,
1.902,-0.145,,
1.904,-0.07,,
1.906,0.02,,
1.908,0.075,,
1.91,0.065,,
1.912,0.025,,
1.914,-0.085,,
1.916,-0.17,,
1.918,-0.175,,
1.92,-0.16,,
1.922,-0.155,,
1.924,-0.045,,
1.926,0.025,,
1.928,0.07,,
1.93,0.045,,
1.932,-0.01,,
1.934,-0.065,,
1.936,-0.165,,
1.938,-0.195,,
1.94,-0.155,,
1.942,-0.105,,
1.944,-0.035,,
1.946,0.02,,
1.948,0.07,,
1.95,0.035,,
1.952,-0.005,,
1.954,-0.095,,
1.956,-0.175,,
1.958,-0.19,,
1.96,-0.13,,
1.962,-0.09,,
1.964,-0.03,,
1.966,0.05,,
1.968,0.08,,
1.97,0.08,,
1.972,-0.02,,
1.974,-0.11,,
1.976,-0.22,,
1.978,-0.22,,
1.98,-0.165,,
1.982,-0.135,,
1.984,-0.02,,
1.986,0.015,,
1.988,0.06,,
1.99,0.02,,
1.992,-0.015,,
1.994,-0.105,,
1.996,-0.175,,
1.998,-0.2,,
2,-0.15,,
2.002,-0.085,,
2.004,0.015,,
2.006,0.095,,
2.008,0.115,,
2.01,0.05,,
2.012,0,,
2.014,-0.085,,
2.016,-0.13,,
2.018,-0.145,,
2.02,-0.13,,
2.022,-0.085,,
2.024,0.01,,
2.026,0.09,,
2.028,0.105,,
2.03,0.075,,
2.032,0.015,,
2.034,-0.1,,
2.036,-0.15,,
2.038,-0.11,,
2.04,-0.085,,
2.042,-0.055,,
2.044,0.005,,
2.046,0.105,,
2.048,0.145,,
2.05,0.075,,
2.052,0.045,,
2.054,-0.05,,
2.056,-0.13,,
2.058,-0.14,,
2.06,-0.1,,
2.062,-0.05,,
2.064,0.04,,
2.066,0.08,,
2.068,0.105,,
2.07,0.055,,
2.072,-0.025,,
2.074,-0.155,,
2.076,-0.21,,
2.078,-0.23,,
2.08,-0.195,,
2.082,-0.13,,
2.084,-0.025,,
2.086,0.03,,
2.088,0.03,,
2.09,0.02,,
2.092,-0.055,,
2.094,-0.16,,
2.096,-0.205,,
2.098,-0.2,,
2.1,-0.165,,
2.102,-0.105,,
2.104,0.025,,
2.106,0.07,,
2.108,0.055,,
2.11,0,,
2.112,-0.06,,
2.114,-0.19,,
2.116,-0.25,,
2.118,-0.26,,
2.12,-0.21,,
2.122,-0.135,,
2.124,-0.025,,
2.126,0.055,,
2.128,0.04,,
2.13,-0.015,,
2.132,-0.08,,
2.134,-0.16,,
2.136,-0.225,,
2.138,-0.195,,
2.14,-0.17,,
2.142,-0.14,,
2.144,-0.035,,
2.146,0.045,,
2.148,0.05,,
2.15,0.015,,
2.152,-0.08,,
2.154,-0.225,,
2.156,-0.3,,
2.158,-0.25,,
2.16,-0.22,,
2.162,-0.13,,
2.164,-0.03,,
2.166,0.01,,
2.168,-0.025,,
2.17,-0.075,,
2.172,-0.15,,
2.174,-0.23,,
2.176,-0.22,,
2.178,-0.165,,
2.18,-0.065,,
2.182,0.065,,
2.184,0.22,,
2.186,0.35,,
2.188,0.405,,
2.19,0.415,,
2.192,0.43,,
2.194,0.5,,
2.196,0.61,,
2.198,0.655,,
2.2,0.685,,
2.202,0.725,,
2.204,0.74,,
2.206,0.68,,
2.208,0.53,,
2.21,0.365,,
2.212,0.15,,
2.214,-0.105,,
2.216,-0.285,,
2.218,-0.34,,
2.22,-0.26,,
2.222,-0.13,,
2.224,-0.035,,
2.226,-0.005,,
2.228,-0.015,,
2.23,-0.045,,
2.232,-0.09,,
2.234,-0.145,,
2.236,-0.22,,
2.238,-0.195,,
2.24,-0.15,,
2.242,-0.08,,
2.244,0.035,,
2.246,0.035,,
2.248,-0.01,,
2.25,-0.065,,
2.252,-0.13,,
2.254,-0.2,,
2.256,-0.22,,
2.258,-0.19,,
2.26,-0.16,,
2.262,-0.015,,
2.264,0.04,,
2.266,0.04,,
2.268,-0.02,,
2.27,-0.03,,
2.272,-0.11,,
2.274,-0.19,,
2.276,-0.21,,
2.278,-0.16,,
2.28,-0.13,,
2.282,-0.02,,
2.284,0.04,,
2.286,0.065,,
2.288,0.04,,
2.29,-0.005,,
2.292,-0.105,,
2.294,-0.175,,
2.296,-0.185,,
2.298,-0.16,,
2.3,-0.11,,
2.302,0,,
2.304,0.055,,
2.306,0.115,,
2.308,0.055,,
2.31,0.005,,
2.312,-0.085,,
2.314,-0.145,,
2.316,-0.2,,
2.318,-0.165,,
2.32,-0.095,,
2.322,0.025,,
2.324,0.085,,
2.326,0.105,,
2.328,0.095,,
2.33,0.06,,
2.332,-0.06,,
2.334,-0.15,,
2.336,-0.135,,
2.338,-0.135,,
2.34,-0.065,,
2.342,0.075,,
2.344,0.145,,
2.346,0.15,,
2.348,0.095,,
2.35,0.06,,
2.352,-0.04,,
2.354,-0.1,,
2.356,-0.1,,
2.358,-0.04,,
2.36,-0.01,,
2.362,0.11,,
2.364,0.18,,
2.366,0.215,,
2.368,0.18,,
2.37,0.105,,
2.372,0.01,,
2.374,-0.045,,
2.376,-0.035,,
2.378,0.025,,
2.38,0.08,,
2.382,0.21,,
2.384,0.275,,
2.386,0.29,,
2.388,0.23,,
2.39,0.165,,
2.392,0.095,,
2.394,0.055,,
2.396,0.025,,
2.398,0.055,,
2.4,0.145,,
2.402,0.26,,
2.404,0.32,,
2.406,0.315,,
2.408,0.32,,
2.41,0.255,,
2.412,0.12,,
2.414,0.065,,
2.416,0.025,,
2.418,0.115,,
2.42,0.19,,
2.422,0.285,,
2.424,0.345,,
2.426,0.345,,
2.428,0.295,,
2.43,0.22,,
2.432,0.12,,
2.434,0.045,,
2.436,0.08,,
2.438,0.08,,
2.44,0.13,,
2.442,0.22,,
2.444,0.28,,
2.446,0.25,,
2.448,0.175,,
2.45,0.11,,
2.452,-0.015,,
2.454,-0.05,,
2.456,-0.03,,
2.458,0.01,,
2.46,0.05,,
2.462,0.125,,
2.464,0.165,,
2.466,0.125,,
2.468,0.085,,
2.47,0.025,,
2.472,-0.07,,
2.474,-0.14,,
2.476,-0.15,,
2.478,-0.085,,
2.48,0,,
2.482,0.095,,
2.484,0.145,,
2.486,0.09,,
2.488,0.03,,
2.49,-0.03,,
2.492,-0.15,,
2.494,-0.2,,
2.496,-0.155,,
2.498,-0.105,,
2.5,-0.025,,
2.502,0.04,,
2.504,0.075,,
2.506,0.075,,
2.508,0.02,,
2.51,-0.07,,
2.512,-0.165,,
2.514,-0.19,,
2.516,-0.185,,
2.518,-0.12,,
2.52,-0.025,,
2.522,0.065,,
2.524,0.085,,
2.526,0.07,,
2.528,0.025,,
2.53,-0.06,,
2.532,-0.17,,
2.534,-0.175,,
2.536,-0.145,,
2.538,-0.15,,
2.54,-0.05,,
2.542,0.05,,
2.544,0.095,,
2.546,0.085,,
2.548,0.02,,
2.55,-0.085,,
2.552,-0.155,,
2.554,-0.185,,
2.556,-0.145,,
2.558,-0.065,,
2.56,0.01,,
2.562,0.07,,
2.564,0.075,,
2.566,0.055,,
2.568,0.035,,
2.57,-0.065,,
2.572,-0.135,,
2.574,-0.175,,
2.576,-0.135,,
2.578,-0.09,,
2.58,0.02,,
2.582,0.12,,
2.584,0.115,,
2.586,0.055,,
2.588,0.015,,
2.59,-0.085,,
2.592,-0.145,,
2.594,-0.165,,
2.596,-0.12,,
2.598,-0.09,,
2.6,0.01,,
2.602,0.115,,
2.604,0.125,,
2.606,0.08,,
2.608,0.025,,
2.61,-0.07,,
2.612,-0.145,,
2.614,-0.145,,
2.616,-0.11,,
2.618,-0.08,,
2.62,0.035,,
2.622,0.075,,
2.624,0.09,,
2.626,0.04,,
2.628,0.035,,
2.63,-0.09,,
2.632,-0.155,,
2.634,-0.185,,
2.636,-0.15,,
2.638,-0.07,,
2.64,0.025,,
2.642,0.07,,
2.644,0.085,,
2.646,0.04,,
2.648,0.01,,
2.65,-0.105,,
2.652,-0.165,,
2.654,-0.18,,
2.656,-0.145,,
2.658,-0.11,,
2.66,0.02,,
2.662,0.105,,
2.664,0.155,,
2.666,0.07,,
2.668,-0.05,,
2.67,-0.125,,
2.672,-0.18,,
2.674,-0.165,,
2.676,-0.13,,
2.678,-0.085,,
2.68,0.015,,
2.682,0.085,,
2.684,0.11,,
2.686,0.06,,
2.688,0.015,,
2.69,-0.1,,
2.692,-0.165,,
2.694,-0.145,,
2.696,-0.105,,
2.698,-0.055,,
2.7,0.075,,
2.702,0.14,,
2.704,0.08,,
2.706,0.04,,
2.708,-0.01,,
2.71,-0.11,,
2.712,-0.14,,
2.714,-0.12,,
2.716,-0.06,,
2.718,0.03,,
2.72,0.105,,
2.722,0.14,,
2.724,0.155,,
2.726,0.095,,
2.728,0.005,,
2.73,-0.1,,
2.732,-0.15,,
2.734,-0.14,,
2.736,-0.11,,
2.738,-0.06,,
2.74,0.05,,
2.742,0.12,,
2.744,0.09,,
2.746,-0.025,,
2.748,-0.085,,
2.75,-0.17,,
2.752,-0.215,,
2.754,-0.195,,
2.756,-0.165,,
2.758,-0.08,,
2.76,0.01,,
2.762,0.07,,
2.764,0.04,,
2.766,-0.015,,
2.768,-0.09,,
2.77,-0.18,,
2.772,-0.215,,
2.774,-0.23,,
2.776,-0.125,,
2.778,-0.045,,
2.78,0.015,,
2.782,0.035,,
2.784,0.035,,
2.786,-0.035,,
2.788,-0.135,,
2.79,-0.205,,
2.792,-0.23,,
2.794,-0.21,,
2.796,-0.165,,
2.798,-0.075,,
2.8,0.02,,
2.802,0.04,,
2.804,0.005,,
2.806,-0.055,,
2.808,-0.125,,
2.81,-0.215,,
2.812,-0.24,,
2.814,-0.2,,
2.816,-0.16,,
2.818,-0.05,,
2.82,0.02,,
2.822,0.08,,
2.824,0.01,,
2.826,-0.07,,
2.828,-0.15,,
2.83,-0.21,,
2.832,-0.255,,
2.834,-0.225,,
2.836,-0.155,,
2.838,-0.09,,
2.84,-0.025,,
2.842,0.025,,
2.844,0.04,,
2.846,0.03,,
2.848,-0.04,,
2.85,-0.075,,
2.852,-0.035,,
2.854,0.09,,
2.856,0.225,,
2.858,0.39,,
2.86,0.59,,
2.862,0.72,,
2.864,0.84,,
2.866,0.845,,
2.868,0.74,,
2.87,0.655,,
2.872,0.55,,
2.874,0.465,,
2.876,0.415,,
2.878,0.38,,
2.88,0.3,,
2.882,0.17,,
2.884,0.04,,
2.886,-0.12,,
2.888,-0.25,,
2.89,-0.295,,
2.892,-0.315,,
2.894,-0.24,,
2.896,-0.175,,
2.898,-0.05,,
2.9,0.055,,
2.902,0.07,,
2.904,0.045,,
2.906,-0.02,,
2.908,-0.075,,
2.91,-0.175,,
2.912,-0.245,,
2.914,-0.195,,
2.916,-0.105,,
2.918,0.005,,
2.92,0.08,,
2.922,0.065,,
2.924,0,,
2.926,-0.035,,
2.928,-0.15,,
2.93,-0.185,,
2.932,-0.19,,
2.934,-0.16,,
2.936,-0.12,,
2.938,-0.015,,
2.94,0.065,,
2.942,0.08,,
2.944,0.03,,
2.946,0.03,,
2.948,-0.08,,
2.95,-0.195,,
2.952,-0.195,,
2.954,-0.115,,
2.956,-0.085,,
2.958,0.035,,
2.96,0.095,,
2.962,0.1,,
2.964,0.055,,
2.966,0.02,,
2.968,-0.105,,
2.97,-0.155,,
2.972,-0.165,,
2.974,-0.12,,
2.976,-0.035,,
2.978,0.07,,
2.98,0.14,,
2.982,0.145,,
2.984,0.095,,
2.986,0.02,,
2.988,-0.085,,
2.99,-0.13,,
2.992,-0.14,,
2.994,-0.11,,
2.996,-0.08,,
2.998,0.07,,
3,0.125,,
3.002,0.1,,
3.004,0.08,,
3.006,0.035,,
3.008,-0.07,,
3.01,-0.11,,
3.012,-0.115,,
3.014,-0.06,,
3.016,0.015,,
3.018,0.105,,
3.02,0.145,,
3.022,0.175,,
3.024,0.125,,
3.026,0.06,,
3.028,-0.045,,
3.03,-0.07,,
3.032,-0.035,,
3.034,-0.015,,
3.036,0.09,,
3.038,0.165,,
3.04,0.22,,
3.042,0.205,,
3.044,0.185,,
3.046,0.11,,
3.048,0.02,,
3.05,-0.015,,
3.052,0.005,,
3.054,0.045,,
3.056,0.17,,
3.058,0.26,,
3.06,0.3,,
3.062,0.305,,
3.064,0.26,,
3.066,0.195,,
3.068,0.11,,
3.07,0.05,,
3.072,0.055,,
3.074,0.095,,
3.076,0.2,,
3.078,0.295,,
3.08,0.34,,
3.082,0.305,,
3.084,0.26,,
3.086,0.195,,
3.088,0.11,,
3.09,0.05,,
3.092,0.04,,
3.094,0.125,,
3.096,0.205,,
3.098,0.295,,
3.1,0.315,,
3.102,0.275,,
3.104,0.24,,
3.106,0.155,,
3.108,0.045,,
3.11,0.005,,
3.112,0.03,,
3.114,0.05,,
3.116,0.09,,
3.118,0.18,,
3.12,0.235,,
3.122,0.195,,
3.124,0.11,,
3.126,0.035,,
3.128,-0.06,,
3.13,-0.105,,
3.132,-0.08,,
3.134,-0.02,,
3.136,0.105,,
3.138,0.15,,
3.14,0.145,,
3.142,0.09,,
3.144,0.03,,
3.146,-0.125,,
3.148,-0.18,,
3.15,-0.18,,
3.152,-0.16,,
3.154,-0.14,,
3.156,-0.025,,
3.158,0.05,,
3.16,0.085,,
3.162,0.05,,
3.164,0,,
3.166,-0.1,,
3.168,-0.165,,
3.17,-0.19,,
3.172,-0.165,,
3.174,-0.105,,
3.176,0.01,,
3.178,0.055,,
3.18,0.06,,
3.182,0.03,,
3.184,-0.015,,
3.186,-0.11,,
3.188,-0.185,,
3.19,-0.185,,
3.192,-0.17,,
3.194,-0.125,,
3.196,-0.005,,
3.198,0.06,,
3.2,0.075,,
3.202,0.01,,
3.204,-0.025,,
3.206,-0.11,,
3.208,-0.205,,
3.21,-0.2,,
3.212,-0.14,,
3.214,-0.12,,
3.216,-0.05,,
3.218,0.025,,
3.22,0.08,,
3.222,-0.005,,
3.224,-0.035,,
3.226,-0.15,,
3.228,-0.195,,
3.23,-0.19,,
3.232,-0.145,,
3.234,-0.12,,
3.236,-0.005,,
3.238,0.08,,
3.24,0.095,,
3.242,0.03,,
3.244,-0.015,,
3.246,-0.115,,
3.248,-0.19,,
3.25,-0.195,,
3.252,-0.155,,
3.254,-0.085,,
3.256,0.015,,
3.258,0.055,,
3.26,0.06,,
3.262,0,,
3.264,-0.035,,
3.266,-0.13,,
3.268,-0.185,,
3.27,-0.2,,
3.272,-0.145,,
3.274,-0.075,,
3.276,0.04,,
3.278,0.145,,
3.28,0.135,,
3.282,0.02,,
3.284,-0.1,,
3.286,-0.185,,
3.288,-0.23,,
3.29,-0.21,,
3.292,-0.13,,
3.294,-0.075,,
3.296,0.01,,
3.298,0.04,,
3.3,0.06,,
3.302,-0.015,,
3.304,-0.045,,
3.306,-0.135,,
3.308,-0.2,,
3.31,-0.195,,
3.312,-0.145,,
3.314,-0.09,,
3.316,0,,
3.318,0.055,,
3.32,0.035,,
3.322,-0.005,,
3.324,-0.05,,
3.326,-0.17,,
3.328,-0.235,,
3.33,-0.19,,
3.332,-0.15,,
3.334,-0.09,,
3.336,-0.02,,
3.338,0.045,,
3.34,0.045,,
3.342,-0.01,,
3.344,-0.09,,
3.346,-0.185,,
3.348,-0.205,,
3.35,-0.19,,
3.352,-0.14,,
3.354,-0.035,,
3.356,0.02,,
3.358,0.095,,
3.36,0.05,,
3.362,-0.045,,
3.364,-0.125,,
3.366,-0.21,,
3.368,-0.2,,
3.37,-0.165,,
3.372,-0.13,,
3.374,-0.04,,
3.376,0.025,,
3.378,0.075,,
3.38,0.07,,
3.382,0.02,,
3.384,-0.07,,
3.386,-0.165,,
3.388,-0.2,,
3.39,-0.165,,
3.392,-0.085,,
3.394,-0.01,,
3.396,0.055,,
3.398,0.105,,
3.4,0.085,,
3.402,0.055,,
3.404,-0.035,,
3.406,-0.13,,
3.408,-0.165,,
3.41,-0.115,,
3.412,-0.1,,
3.414,-0.02,,
3.416,0.055,,
3.418,0.105,,
3.42,0.075,,
3.422,-0.02,,
3.424,-0.105,,
3.426,-0.205,,
3.428,-0.24,,
3.43,-0.18,,
3.432,-0.16,,
3.434,-0.055,,
3.436,0.05,,
3.438,0.055,,
3.44,-0.015,,
3.442,-0.065,,
3.444,-0.135,,
3.446,-0.215,,
3.448,-0.24,,
3.45,-0.175,,
3.452,-0.155,,
3.454,-0.095,,
3.456,0,,
3.458,0.03,,
3.46,0,,
3.462,-0.04,,
3.464,-0.17,,
3.466,-0.21,,
3.468,-0.235,,
3.47,-0.19,,
3.472,-0.155,,
3.474,-0.045,,
3.476,0,,
3.478,0.035,,
3.48,0.005,,
3.482,-0.05,,
3.484,-0.16,,
3.486,-0.215,,
3.488,-0.235,,
3.49,-0.21,,
3.492,-0.17,,
3.494,-0.045,,
3.496,-0.01,,
3.498,0.03,,
3.5,0,,
3.502,-0.015,,
3.504,-0.14,,
3.506,-0.24,,
3.508,-0.27,,
3.51,-0.22,,
3.512,-0.155,,
3.514,-0.065,,
3.516,-0.03,,
3.518,0.015,,
3.52,-0.04,,
3.522,-0.1,,
3.524,-0.235,,
3.526,-0.275,,
3.528,-0.285,,
3.53,-0.23,,
3.532,-0.145,,
3.534,0.03,,
3.536,0.19,,
3.538,0.25,,
3.54,0.285,,
3.542,0.3,,
3.544,0.23,,
3.546,0.31,,
3.548,0.455,,
3.55,0.62,,
3.552,0.745,,
3.554,0.85,,
3.556,0.865,,
3.558,0.795,,
3.56,0.675,,
3.562,0.495,,
3.564,0.275,,
3.566,0.08,,
3.568,-0.07,,
3.57,-0.155,,
3.572,-0.195,,
3.574,-0.135,,
3.576,-0.08,,
3.578,-0.07,,
3.58,-0.1,,
3.582,-0.155,,
3.584,-0.205,,
3.586,-0.26,,
3.588,-0.215,,
3.59,-0.15,,
3.592,-0.085,,
3.594,0.015,,
3.596,0.04,,
3.598,0.045,,
3.6,0.005,,
3.602,-0.055,,
3.604,-0.15,,
3.606,-0.16,,
3.608,-0.195,,
3.61,-0.17,,
3.612,-0.11,,
3.614,-0.005,,
3.616,0.075,,
3.618,0.085,,
3.62,0.025,,
3.622,-0.06,,
3.624,-0.195,,
3.626,-0.225,,
3.628,-0.195,,
3.63,-0.125,,
3.632,-0.065,,
3.634,0.035,,
3.636,0.07,,
3.638,0.055,,
3.64,0.01,,
3.642,-0.05,,
3.644,-0.135,,
3.646,-0.155,,
3.648,-0.145,,
3.65,-0.12,,
3.652,-0.015,,
3.654,0.1,,
3.656,0.12,,
3.658,0.07,,
3.66,-0.01,,
3.662,-0.045,,
3.664,-0.12,,
3.666,-0.165,,
3.668,-0.175,,
3.67,-0.125,,
3.672,-0.02,,
3.674,0.065,,
3.676,0.11,,
3.678,0.105,,
3.68,0.045,,
3.682,-0.005,,
3.684,-0.115,,
3.686,-0.15,,
3.688,-0.115,,
3.69,-0.07,,
3.692,0.015,,
3.694,0.125,,
3.696,0.165,,
3.698,0.14,,
3.7,0.11,,
3.702,0,,
3.704,-0.12,,
3.706,-0.105,,
3.708,-0.085,,
3.71,-0.06,,
3.712,0.04,,
3.714,0.15,,
3.716,0.18,,
3.718,0.18,,
3.72,0.155,,
3.722,0.03,,
3.724,-0.025,,
3.726,-0.03,,
3.728,0.01,,
3.73,0.025,,
3.732,0.115,,
3.734,0.18,,
3.736,0.24,,
3.738,0.225,,
3.74,0.205,,
3.742,0.055,,
3.744,0.035,,
3.746,0.02,,
3.748,0.045,,
3.75,0.1,,
3.752,0.21,,
3.754,0.275,,
3.756,0.315,,
3.758,0.3,,
3.76,0.26,,
3.762,0.17,,
3.764,0.095,,
3.766,0.08,,
3.768,0.09,,
3.77,0.1,,
3.772,0.245,,
3.774,0.325,,
3.776,0.34,,
3.778,0.305,,
3.78,0.265,,
3.782,0.165,,
3.784,0.08,,
3.786,0.03,,
3.788,0.06,,
3.79,0.09,,
3.792,0.22,,
3.794,0.295,,
3.796,0.3,,
3.798,0.24,,
3.8,0.19,,
3.802,0.07,,
3.804,0.02,,
3.806,-0.03,,
3.808,0,,
3.81,0.01,,
3.812,0.115,,
3.814,0.165,,
3.816,0.16,,
3.818,0.13,,
3.82,0.085,,
3.822,-0.045,,
3.824,-0.11,,
3.826,-0.12,,
3.828,-0.09,,
3.83,-0.06,,
3.832,0.045,,
3.834,0.115,,
3.836,0.135,,
3.838,0.08,,
3.84,0.03,,
3.842,-0.105,,
3.844,-0.14,,
3.846,-0.17,,
3.848,-0.11,,
3.85,-0.065,,
3.852,0.03,,
3.854,0.085,,
3.856,0.11,,
3.858,0.025,,
3.86,-0.06,,
3.862,-0.135,,
3.864,-0.16,,
3.866,-0.19,,
3.868,-0.15,,
3.87,-0.085,,
3.872,0.03,,
3.874,0.1,,
3.876,0.1,,
3.878,0.03,,
3.88,-0.05,,
3.882,-0.14,,
3.884,-0.14,,
3.886,-0.145,,
3.888,-0.13,,
3.89,-0.07,,
3.892,0.005,,
3.894,0.075,,
3.896,0.06,,
3.898,0.015,,
3.9,-0.04,,
3.902,-0.12,,
3.904,-0.175,,
3.906,-0.16,,
3.908,-0.07,,
3.91,-0.03,,
3.912,0.035,,
3.914,0.09,,
3.916,0.09,,
3.918,0.045,,
3.92,-0.03,,
3.922,-0.125,,
3.924,-0.18,,
3.926,-0.155,,
3.928,-0.1,,
3.93,-0.01,,
3.932,0.05,,
3.934,0.1,,
3.936,0.105,,
3.938,0.06,,
3.94,-0.035,,
3.942,-0.125,,
3.944,-0.15,,
3.946,-0.13,,
3.948,-0.09,,
3.95,0.025,,
3.952,0.095,,
3.954,0.095,,
3.956,0.08,,
3.958,0.035,,
3.96,-0.06,,
3.962,-0.135,,
3.964,-0.17,,
3.966,-0.15,,
3.968,-0.085,,
3.97,0.005,,
3.972,0.075,,
3.974,0.14,,
3.976,0.125,,
3.978,0.045,,
3.98,-0.05,,
3.982,-0.14,,
3.984,-0.145,,
3.986,-0.14,,
3.988,-0.105,,
3.99,0.015,,
3.992,0.08,,
3.994,0.095,,
3.996,0.095,,
3.998,0.06,,
4,-0.015,,
4.002,-0.085,,
4.004,-0.195,,
4.006,-0.17,,
4.008,-0.1,,
4.01,0.02,,
4.012,0.1,,
4.014,0.12,,
4.016,0.095,,
4.018,0.05,,
4.02,-0.085,,
4.022,-0.17,,
4.024,-0.17,,
4.026,-0.135,,
4.028,-0.075,,
4.03,0.03,,
4.032,0.085,,
4.034,0.08,,
4.036,0.04,,
4.038,0.035,,
4.04,-0.06,,
4.042,-0.18,,
4.044,-0.205,,
4.046,-0.145,,
4.048,-0.095,,
4.05,0.01,,
4.052,0.09,,
4.054,0.105,,
4.056,0.07,,
4.058,0.03,,
4.06,-0.055,,
4.062,-0.11,,
4.064,-0.115,,
4.066,-0.11,,
4.068,-0.085,,
4.07,0.03,,
4.072,0.105,,
4.074,0.12,,
4.076,0.07,,
4.078,0.035,,
4.08,-0.075,,
4.082,-0.14,,
4.084,-0.145,,
4.086,-0.08,,
4.088,-0.025,,
4.09,0.05,,
4.092,0.13,,
4.094,0.145,,
4.096,0.08,,
4.098,0.055,,
4.1,-0.015,,
4.102,-0.09,,
4.104,-0.085,,
4.106,-0.05,,
4.108,-0.01,,
4.11,0.085,,
4.112,0.145,,
4.114,0.135,,
4.116,0.115,,
4.118,0.065,,
4.12,-0.06,,
4.122,-0.13,,
4.124,-0.14,,
4.126,-0.11,,
4.128,-0.06,,
4.13,0.015,,
4.132,0.095,,
4.134,0.105,,
4.136,0.055,,
4.138,-0.01,,
4.14,-0.095,,
4.142,-0.155,,
4.144,-0.155,,
4.146,-0.08,,
4.148,-0.025,,
4.15,0.015,,
4.152,0.06,,
4.154,0.06,,
4.156,0.01,,
4.158,-0.01,,
4.16,-0.11,,
4.162,-0.175,,
4.164,-0.15,,
4.166,-0.135,,
4.168,-0.105,,
4.17,-0.025,,
4.172,0.065,,
4.174,0.065,,
4.176,0.01,,
4.178,-0.015,,
4.18,-0.11,,
4.182,-0.195,,
4.184,-0.165,,
4.186,-0.15,,
4.188,-0.095,,
4.19,-0.005,,
4.192,0.09,,
4.194,0.075,,
4.196,0.02,,
4.198,-0.045,,
4.2,-0.155,,
4.202,-0.205,,
4.204,-0.205,,
4.206,-0.145,,
4.208,-0.055,,
4.21,0.045,,
4.212,0.12,,
4.214,0.08,,
4.216,-0.055,,
4.218,-0.095,,
4.22,-0.185,,
4.222,-0.245,,
4.224,-0.225,,
4.226,-0.19,,
4.228,-0.11,,
4.23,-0.005,,
4.232,0.065,,
4.234,0.11,,
4.236,0.14,,
4.238,0.135,,
4.24,0.11,,
4.242,0.165,,
4.244,0.27,,
4.246,0.365,,
4.248,0.525,,
4.25,0.775,,
4.252,0.93,,
4.254,0.93,,
4.256,0.86,,
4.258,0.725,,
4.26,0.56,,
4.262,0.41,,
4.264,0.32,,
4.266,0.22,,
4.268,0.15,,
4.27,0.075,,
4.272,0.01,,
4.274,-0.055,,
4.276,-0.11,,
4.278,-0.2,,
4.28,-0.24,,
4.282,-0.22,,
4.284,-0.21,,
4.286,-0.125,,
4.29,0.02,,
4.292,-0.185,,
4.294,0,,
4.296,0.035,,
4.298,0.025,,
4.3,0.025,,
4.302,0.045,,
4.304,0.115,,
4.306,0.06,,
4.308,-0.05,,
4.31,-0.095,,
4.312,-0.12,,
4.314,-0.095,,
4.316,-0.015,,
4.318,-0.025,,
4.32,-0.055,,
4.322,-0.12,,
4.324,-0.095,,
4.326,-0.045,,
4.328,-0.11,,
4.33,0,,
