Time [s], II
0.0,-0.29718812435310166
0.008,-0.43899827769838096
0.016,-0.15017082224537415
0.024,-0.08974198604575676
0.032,-0.06098252895980562
0.04,-0.042564774660964616
0.048,-0.029315369763358117
0.056,-0.04848176859612041
0.064,-0.01968964043593393
0.072,-0.0066687623534630695
0.08,-0.0027650694506571524
0.088,-0.003715276537248893
0.096,0.10844432191261852
0.104,-0.013070389270171599
0.112,0.0030805632225566044
0.12,-0.002766793569965822
0.128,0.02754932234944868
0.136,-0.06782387165205352
0.144,0.014383010586973211
0.152,0.0049823006248909864
0.16,0.0018871072569372413
0.168,0.04203830720420069
0.176,0.03229193247390206
0.184,0.046787136212120814
0.192,0.03468102359369269
0.2,0.061594414704623096
0.208,0.05647365816774484
0.216,0.0604936041741289
0.224,0.045858717177607075
0.232,0.08291457406924636
0.24,0.04958579746384941
0.248,0.1841051706353765
0.256,0.03754236240466201
0.264,0.04903208224872521
0.272,0.10502914837163767
0.28,-0.0553948653527767
0.288,0.0337988787974299
0.296,-0.0006008648330086304
0.304,-0.003425120641048845
0.312,-0.002209443247189038
0.32,-0.017605693591925098
0.328,-0.004982669420788533
0.336,0.003934814694874179
0.344,-0.025018949040709237
0.352,0.000664902218306028
0.36,-0.16282372972141707
0.368,-0.25341205768148406
0.376,-0.01921888815223737
0.384,-0.03214289424333411
0.392,-0.011194413324654057
0.4,-0.010602491011574655
0.408,-0.07251777611027957
0.416,-0.01847201332520987
0.424,-0.032505439128415886
0.432,-0.13185633978317038
0.44,-0.10276319862437135
0.448,0.03592452469407765
0.456,0.028218284394363396
0.464,0.04573608250059538
0.472,-0.14478791556443663
0.48,-0.3151920478031921
0.488,0.006116071719561012
0.496,0.021464342064727124
0.504,0.026036651384272306
0.512,-0.01822541103435112
0.52,-0.047566926815105284
0.528,-0.07648487895121905
0.536,-0.07041411687180599
0.544,-0.07095323113964824
0.552,-0.12108259071743475
0.56,-0.09041202236857707
0.568,-0.06701599091660017
0.576,-0.08976288457509336
0.584,-0.06307831519283276
0.592,-0.009992932349952407
0.6,0.06913335816511657
0.608,0.09216919942898795
0.616,-0.05027730830405532
0.624,0.02757102963304756
0.632,-0.2450100812573849
0.64,-0.3255395066026029
0.648,-0.3365592733372875
0.656,-0.11473743083225682
0.664,-0.06512463043010369
0.672,-0.06964074769894642
0.68,-0.06015259190339993
0.688,-0.0353180508643432
0.696,-0.025898994053732992
0.704,-0.027757285016882485
0.712,-0.01920940008861102
0.72,-0.2549977944140732
0.728,-0.023487331854918244
0.736,-0.008104595004769342
0.744,-0.004923497920532098
0.752,-0.005474276863372618
0.76,0.2106091637114887
0.768,0.027950523238596443
0.776,-0.007680618864130748
0.784,0.027199247351908887
0.792,0.025896876837899846
0.8,0.02274267173755945
0.808,0.014526073409373206
0.816,0.027810594556858324
0.824,-0.05021934352819258
0.832,0.05152881647906129
0.84,0.0532575349884193
0.848,0.06939073110744717
0.856,0.08971342651131578
0.864,0.08045792232232034
0.872,0.05329373089396753
0.88,0.09665877615824667
0.888,0.5861072029347613
0.896,0.07444159474505281
0.904,0.06286363293313235
0.912,0.039448521921734515
0.92,0.05848872714554991
0.928,-0.019824828892679624
0.936,0.016640973010367675
0.944,0.03879064478934547
0.952,-0.0026613224143991103
0.96,0.0034596407013778915
0.968,0.003729721562078317
0.976,-0.011908552519637069
0.984,-0.007553073912037741
0.992,-0.0062412463558523985
1.0,0.02490813158648136
1.008,-0.24936909365374355
1.016,0.000889107651667451
1.024,-0.005603587415405843
1.032,0.006072165252482229
1.04,-0.01859244561739966
1.048,-0.019960024821128474
1.056,-0.24970630721993667
1.064,-0.010034660435280306
1.072,-0.022512987225524122
1.08,0.03643595959450286
1.088,0.05296162332557371
1.096,0.03653489312761244
1.104,0.04555854902330453
1.112,0.04764834961955546
1.12,0.029932853183205856
1.128,0.038145457960611195
1.136,0.03066490872704087
1.144,4.86858141590385e-05
1.152,-0.04159316650425074
1.16,-0.04327727054310827
1.168,-0.04655765684959904
1.176,-0.05036652112735364
1.184,-0.05636759471362629
1.192,-0.07301329187579249
1.2,-0.06183225230349102
1.208,-0.05073857103683232
1.216,-0.21065106602404568
1.224,-0.01868643491673226
1.232,0.03957467788715626
1.24,-0.2221527428253179
1.248,0.004374425465556658
1.256,-0.21040715423787776
1.264,-0.14795327473024733
1.272,0.01997027146315537
1.28,-0.3127794864409269
1.288,-0.11839249285715767
1.296,-0.044152914664955537
1.304,-0.04552642984162208
1.312,-0.039748966681782794
1.32,0.1977945945551807
1.328,-0.03755321180487301
1.336,-0.049779023852924965
1.344,-0.025044192914315606
1.352,-0.0030589067969705036
1.36,0.024081260678058145
1.368,0.02988630061229667
1.376,0.008198906685805614
1.384,0.03414006112058838
1.392,0.02041498191384082
1.4,0.02780147576019962
1.408,0.02429916713983255
1.416,0.013072775962582444
1.424,0.03716746335870049
1.432,0.03238135059661331
1.44,0.6825038744607913
1.448,0.04533537990174084
1.456,0.053460078199751696
1.464,0.07021763928408195
1.472,0.2806457504829858
1.48,0.0805194000193804
1.488,0.10218507483698464
1.496,0.08053024950237733
1.504,0.07920733786073023
1.512,0.08455961403338207
1.52,0.16930955127650113
1.528,0.08837335096900494
1.536,0.04129657046533041
1.544,0.03813876391935018
1.552,0.028309852072352436
1.56,0.030132143573871905
1.568,0.013933232257556844
1.576,-0.02143688029024754
1.584,-0.09926501733698677
1.592,-0.020012175968693757
1.6,-0.01477357213656108
1.608,-0.04439851945073174
1.616,-0.1122877048641616
1.624,-0.04047737047174528
1.632,-0.022252460484175663
1.64,-0.042417657451015646
1.648,-0.048145728554722225
1.656,-0.026713758418896817
1.664,-0.051064386799475406
1.672,-0.03121756037818492
1.68,-0.023944562647361264
1.688,-0.04631366508663122
1.696,-0.026473812712397633
1.704,-0.014131229983631022
1.712,-0.12952469126786048
1.72,-0.27782498258938126
1.728,0.02454856613958069
1.736,0.035073921211521836
1.744,0.03861190218444152
1.752,0.01831016125613515
1.76,-0.09615036765377208
1.768,0.020778799512584618
1.776,0.22050004914392507
1.784,0.022714965583718143
1.792,-0.14598180803439648
1.8,-0.06341227740975797
1.808,-0.062460427901247076
1.816,-0.0651854051062868
1.824,-0.0744784503213775
1.832,-0.08401434178763065
1.84,-0.0738850529633309
1.848,-0.1462073787107637
1.856,-0.08563385055741893
1.864,0.06112328346552441
1.872,0.02629068738626009
1.88,0.09602396760036926
1.888,0.013363031522243586
1.896,-0.08029964305003956
1.904,-0.17650804279378857
1.912,-0.2709943145056259
1.92,-0.31577633900676777
1.928,-0.18754602478606489
1.936,-0.09128736820714528
1.944,-0.04482356205132311
1.952,-0.0389564205699509
1.96,-0.03974453640590045
1.968,-0.027471438076789673
1.976,-0.060107494770659256
1.984,-0.017957165793727387
1.992,-0.02123717456642697
2.0,-0.014046565612106982
2.008,0.2225640775053397
2.016,-0.0007769909625349454
2.024,-0.15645453923692182
2.032,-0.005335879907688655
2.04,-0.008350170929426073
2.048,0.2204914454251315
2.056,0.0032343050426326017
2.064,0.0053133053994641275
2.072,0.015400176066773817
2.08,0.017754783978602827
2.088,0.0337213286611349
2.096,0.03194454783881698
2.104,0.03896169352142277
2.112,0.03174156524092571
2.12,0.038994620686444145
2.128,0.04767678159106101
2.136,0.08519850779573683
2.144,0.06886656694027657
2.152,0.07558259060238505
2.16,0.07276610858210848
2.168,0.24751421061415746
2.176,0.06614971741152911
2.184,0.04571177693060479
2.192,0.033306214802841363
2.2,0.04457016974435027
2.208,0.03470025270797533
2.216,0.016328906633234372
2.224,0.0067936776376348144
2.232,0.016458140901606445
2.24,-0.010499353063966805
2.248,-0.004078708437785418
2.256,0.22446586351825035
2.264,0.009571993130717927
2.272,-0.006529433275048994
2.28,-0.01859083307496797
2.288,-0.029543566087568064
2.296,-0.009964903347809959
2.304,-0.18129925642625744
2.312,-0.00602517973372776
2.32,0.19604760495649667
2.328,-0.0495581698993999
2.336,-0.2414981730210702
2.344,-0.16853031260297013
2.352,-0.2711328192407824
2.36,-0.31124353980608405
2.368,-0.49513813175321986
2.376,-0.47212214880204156
2.384,-0.5036366746252104
2.392,-0.48489702396801393
2.4,-0.5065871181541587
2.408,-0.4779681112535215
2.416,-0.4915330843186582
2.424,-0.49733795592087426
2.432,-0.4923208277705176
2.44,-0.1916845345986745
2.448,0.8430960886166105
2.456,0.18732835687659158
2.464,0.23232859766152494
2.472,0.233481864031416
2.48,0.2466142385914005
2.488,0.26349480654634255
2.496,0.23994609856723503
2.504,0.2898399326505646
2.512,0.2913706428096159
2.52,0.2988772311926101
2.528,0.31525792398969626
2.536,0.5134575788935328
2.544,0.3482766864477906
2.552,0.34202338930543874
2.56,0.38886805192196544
2.568,0.414841477080968
2.576,0.42564216747668726
2.584,0.44897623932301195
2.592,0.41471401895185916
2.6,0.5612259956009734
2.608,0.47377973319562694
2.616,0.4828074130645466
2.624,0.7408833796071829
2.632,0.4565183866466907
2.64,0.44258792002632835
2.648,0.39388138371043624
2.656,0.3467526767350065
2.664,0.30154875422902877
2.672,0.2502695881052918
2.68,0.06870896989583389
2.688,-0.16384571981748033
2.696,0.09259881381751392
2.704,0.048306385548245824
2.712,0.04020305596900268
2.72,0.02278412058053838
2.728,-0.026539444439782192
2.736,-0.03847270116447089
2.744,-0.027860161167095786
2.752,-0.05628570123263014
2.76,-0.07660932369128404
2.768,0.08682292713052844
2.776,0.2969212416735143
2.784,-0.08446641181733172
2.792,-0.06525608320219096
2.8,-0.06451030296624871
2.808,-0.09092750974790419
2.816,-0.07775938374948277
2.824,0.13411447495910137
2.832,-0.07320964791515686
2.84,-0.08027599403984212
2.848,-0.07487318154470489
2.856,-0.0768852703556088
2.864,-0.050999497938756966
2.872,-0.03541428573514452
2.88,-0.06689652645338683
2.888,-0.053512409944530145
2.896,-0.07534734006481504
2.904,-0.07825985273992613
2.912,-0.06931178766084892
2.92,-0.08405084229954699
2.928,-0.19282307497772466
2.936,-0.07020388762334438
2.944,-0.04718860179978112
2.952,-0.0645065351171673
2.96,-0.07207386267243358
2.968,-0.05541334085447577
2.976,-0.02060367899686947
2.984,-0.04888989862934668
2.992,-0.040682660529907974
3.0,-0.0033642282105163174
3.008,0.016246297784380827
3.016,0.06516804530370912
3.024,-0.0009365697573653301
3.032,0.00982780020098667
3.04,-0.024854438642175836
3.048,0.03131078976746766
3.056,0.03888699981726129
3.064,0.023039948819485918
3.072,-0.052395511373658374
3.08,-0.08297561560615725
3.088,-0.07237748474067028
3.096,-0.07782390353860269
3.104,-0.09627609493880983
3.112,-0.09137802631627062
3.12,-0.08386164263521398
3.128,-0.07590274604404129
3.136,0.08121581333135627
3.144,-0.03253682779766049
3.152,0.015392171810413729
3.16,0.10577065530372134
3.168,-0.0003214589301436849
3.176,0.22830794475340838
3.184,-0.1606262773903427
3.192,-0.2523774275456016
3.2,-0.3343682960709003
3.208,-0.16816037639433806
3.216,-0.07264412341177826
3.224,-0.06739058686444843
3.232,-0.060122675449416726
3.24,-0.0626601550318529
3.248,-0.041374513451918976
3.256,-0.31251451976861905
3.264,-0.05036016778273079
3.272,-0.05657323993492278
3.28,-0.014043519425616855
3.288,-0.03362978274789895
3.296,-0.009159773287104734
3.304,-0.028074518058435537
3.312,0.008480363720597833
3.32,0.009256985804008674
3.328,-0.015961783588539977
3.336,-0.00852757960964987
3.344,1.0165978915010787
3.352,0.0008765286304369046
3.36,0.024850649646196026
3.368,0.06996217759896631
3.376,0.006992379132547584
3.384,0.12323045961546839
3.392,0.026830406556590573
3.4,0.021808953223933718
3.408,0.02608260802012558
3.416,0.042765300280752185
3.424,0.022866374738987616
3.432,0.054343451045215665
3.44,0.03293099132244858
3.448,0.23298953175718826
3.456,0.17285295724290917
3.464,0.05701953331404412
3.472,0.03684798715926197
3.48,0.034141153081845246
3.488,0.039559359382555656
3.496,0.021013124607720056
3.504,0.026500939558199446
3.512,0.003156766843245132
3.52,0.006608918744069591
3.528,0.015163754584464343
3.536,-0.006871639616937275
3.544,-0.21530292390843467
3.552,-0.004320094942740226
3.56,0.010112876524625104
3.568,-0.016939948698990098
3.576,0.1880112540430439
3.584,-0.003497167922155553
3.592,-0.02192016256669454
3.6,0.024545433703183538
3.608,-0.013158245970340415
3.616,0.029645472228037956
3.624,-0.010628895393074805
3.632,0.03650268149931923
3.64,0.04962805303272709
3.648,0.07592836814820167
3.656,0.04321118119627945
3.664,0.033397813294915986
3.672,0.04919539148621581
3.68,0.0554641188148198
3.688,0.05360604358933799
3.696,0.05361100396133049
3.704,0.025545152792995338
3.712,-0.03405336555015761
3.72,-0.0559870629136477
3.728,-0.061253483348826895
3.736,-0.0761404691531557
3.744,-0.07693131024070327
3.752,-0.05206930825748569
3.76,-0.058056776049403486
3.768,-0.05790956730527963
3.776,-0.08678277628590983
3.784,-0.03141288433426461
3.792,0.028623517595697763
3.8,0.15852050570493434
3.808,0.03427360304219809
3.816,-0.08229576601391946
3.824,-0.17252997272613158
3.832,-0.2814340147253013
3.84,-0.335217238465378
3.848,-0.14584320882884305
3.856,0.04917343847089076
3.864,-0.0410123827631868
3.872,-0.04179923498035274
3.88,-0.03665746854174535
3.888,-0.02917259626413905
3.896,0.0013393978726742566
3.904,-0.01800654606645369
3.912,-0.01609848220618907
3.92,-0.016634049775769606
3.928,-0.008694074120184482
3.936,-0.009137601403734062
3.944,0.02799426914259031
3.952,-0.00576595322396839
3.96,0.019625087862047662
3.968,-0.0033534908605138396
3.976,0.02704403175300516
3.984,0.013081641497766416
3.992,0.028295232980332825
4.0,0.19552278916541013
4.008,0.05417794807166966
4.016,0.05909431995335542
4.024,0.04429925017977528
4.032,0.04810409798206997
4.04,0.05753310238375821
4.048,0.04914499160748876
4.056,0.23413805174748065
4.064,0.07080770524576821
4.072,0.06762257897765485
4.08,0.07554512921771687
4.088,-0.03782847036464462
4.096,0.07128631765292567
4.104,0.0410166675860747
4.112,0.054177625210074604
4.12,0.027290940498373127
4.128,0.017204275707053882
4.136,0.015120914936811376
4.144,0.01904820740634426
4.152,-0.12998095468673837
4.16,-0.007036028171763173
4.168,-0.02636022059374963
4.176,-0.012265332561719265
4.184,-0.024939815287941192
4.192,-0.011258219908372951
4.2,-0.02537737299461989
4.208,0.009345453060488885
4.216,-0.0137217172798987
4.224,-0.03289518052199927
4.232,-0.009757995554083784
4.24,-0.04130945109188347
4.248,-0.023488966631504363
4.256,0.19714500151845238
4.264,-0.010038153341953385
4.272,0.022637148495216745
4.28,0.02449978387834923
4.288,0.04559435339636066
4.296,0.04233839518344913
4.304,0.044840531898331225
4.312,0.06363809911185472
4.32,0.014180392861596308
4.328,1.2277890295684455
4.336,0.03485438908682747
4.344,0.04243403420236846
4.352,-0.01879605923056897
4.36,-0.03173337434196179
4.368,-0.06856300541483137
4.376,-0.05599306502556465
4.384,0.044112927164708333
4.392,-0.04775198177164121
4.4,-0.07512180976163416
4.408,-0.03969921690378785
4.416,-0.03900112286052779
4.424,-0.05404151106812161
4.432,0.006572576731467156
4.44,0.07256829370978475
4.448,0.1477633602469333
4.456,0.0193434214229126
4.464,-0.12938998550292982
4.472,-0.20421198000699442
4.48,-0.28576287144180906
4.488,-0.1896683162582089
4.496,-0.042906470733186194
4.504,-0.03182254171015393
4.512,-0.0013373137629473925
4.52,-0.24284578912769775
4.528,-0.012885949209888985
4.536,-0.0348282833790986
4.544,-0.013657978989739146
4.552,-0.011577398771803615
4.56,0.011935146502949651
4.568,0.013149336329576601
4.576,0.13864885182189526
4.584,0.18672618395605475
4.592,0.03069353024277039
4.6,0.0345780358639583
4.608,0.049995906179658704
4.616,0.045759942225889465
4.624,0.02871556511550887
4.632,0.04192560387291338
4.64,0.05355020422545076
4.648,0.05640971733084222
4.656,0.032427716362668904
4.664,0.06503425928506144
4.672,0.06680601082280072
4.68,0.07370167048368689
4.688,0.07479599949569263
4.696,0.08013150462536095
4.704,0.0903093431253495
4.712,0.09865902914554535
4.72,0.32112523307402363
4.728,0.44196351082990987
4.736,0.07607182554296762
4.744,0.09356863555165917
4.752,0.05146237128012229
4.76,0.057318531661179145
4.768,0.05317384897983238
4.776,0.071100019205601
4.784,0.02876150320735655
4.792,0.026096815651868867
4.8,0.004702238212218907
4.808,-0.2156833140128616
4.816,0.039936417817333515
4.824,0.02222044673745676
4.832,-0.10899565036111311
4.84,0.007157811816865608
4.848,0.13955590423076614
4.856,0.0006634787860242987
4.864,-0.011386594290760955
4.872,0.03268333912578919
4.88,0.002727715452984959
4.888,0.031864112499641495
4.896,0.013555060530257118
4.904,-0.005316606986561839
4.912,0.0460627551916311
4.92,0.027800297823931536
4.928,0.05341943415918108
4.936,0.07287776003303248
4.944,0.058456296783956925
4.952,0.048190868605019546
4.96,0.048196552670045634
4.968,0.05091650165679808
4.976,0.050853809276118635
4.984,0.04195832594969952
4.992,0.007737789658618243
5.0,-0.14979251670337015
5.008,-0.03071146699650396
5.016,-0.05796320033157153
5.024,-0.0347463030105385
5.032,-0.044767351171582065
5.04,-0.02670261627511728
5.048,-0.02005080572027037
5.056,-0.03132846211718127
5.064,-0.09651220939942581
5.072,0.035333261299495294
5.08,0.11253559016236944
5.088,0.1281431065859423
5.096,-0.016182057351839377
5.104,-0.12661131305803994
5.112,-0.16811598822414778
5.12,-0.28281273451252065
5.128,-0.20259896448671447
5.136,-0.07648482405533161
5.144,-0.03133030484352893
5.152,-0.03655305899085262
5.16,-0.0035773062836977013
5.168,-0.028390112058955922
5.176,0.004195869345275407
5.184,1.474349495518934
5.192,-0.016384780717401234
5.2,0.004775204993436934
5.208,-0.006415707002159068
5.216,-0.007795895561757201
5.224,0.009855797720961528
5.232,0.011922078634231559
5.24,0.005640851847581708
5.248,0.02040354417460894
5.256,-0.0019440130489360111
5.264,0.005620153661849795
5.272,0.021202509081393768
5.28,0.025085767395147965
5.288,0.17918864583922767
5.296,0.04743182949760649
5.304,0.04806762392264436
5.312,0.05427310500784578
5.32,0.04823351715959037
5.328,0.06127638700913114
5.336,0.05499436772652137
5.344,0.08152319435762208
5.352,0.07553900033416484
5.36,0.09474546065281518
5.368,0.04773047596223028
5.376,0.07078752563380876
5.384,0.03425866669754771
5.392,0.04457266658068143
5.4,0.04961585517243176
5.408,0.03993767869995865
5.416,0.027553917815497903
5.424,0.007395210617338701
5.432,0.1876684992882443
5.44,0.012947397286859591
5.448,0.003028001984021595
5.456,-0.0071745412663995825
5.464,0.008603085470496458
5.472,-0.019731675800434063
5.48,-0.013938934694565495
5.488,-0.00623701703707693
5.496,-0.004009623142988163
5.504,-0.012273130009035854
5.512,-0.002965790041680668
5.52,0.009567393722546136
5.528,0.001384168857530549
5.536,0.001286433151230336
5.544,0.006751939220337477
5.552,0.2107207015984992
5.56,0.02867076356825964
5.568,0.03660141951213685
5.576,0.07475207392122218
5.584,0.08081568157667832
5.592,0.3059667869165579
5.6,0.03872833984645333
5.608,-0.18785450859172428
5.616,0.045670987203076586
5.624,0.05213087638950135
5.632,0.06440115605933507
5.64,-0.0014558299265189658
5.648,-0.02421147277064912
5.656,-0.051525410575078125
5.664,-0.04121954880089329
5.672,-0.06765708009498517
5.68,-0.047554931964696553
5.688,-0.05847906462199814
5.696,-0.05465599334603296
5.704,-0.03856816241436867
5.712,-0.02316580112340141
5.72,0.005512643852214936
5.728,0.11466127342029943
5.736,0.1148184178793076
5.744,-0.014818102770316168
5.752,-0.15463954245943048
5.76,-0.22285846781345137
5.768,-0.34030924931011164
5.776,-0.18797873631672604
5.784,-0.09124453007348678
5.792,-0.057094841495728896
5.8,-0.040008237495486265
5.808,1.7399948241575844
5.816,-0.003987905804575804
5.824,-0.02197613240926783
5.832,-0.0022601985678634725
5.84,-0.01366618844131361
5.848,0.01769435351062467
5.856,0.0008827562683686573
5.864,0.011867666880561597
5.872,0.004586722368712349
5.88,0.029895359308138365
5.888,0.014588030460359152
5.896,0.02198675360078531
5.904,0.028166361923753647
5.912,0.04123463889591502
5.92,0.0377076711621216
5.928,0.04547146958125813
5.936,0.04984095892404172
5.944,0.045953479523559056
5.952,0.026299236397671868
5.96,0.06933415433536291
5.968,0.08415335887084327
5.976,0.0776374995247941
5.984,0.09473159196413997
5.992,0.08825144126705939
6.0,0.08280321516697331
6.008,0.0723061689798417
6.016,0.08165781856643624
6.024,0.06389210374292631
6.032,0.07415409068739456
6.04,0.042718962217888
6.048,0.0331668632774582
6.056,0.029047619905529336
6.064,0.0405476572544208
6.072,0.01955786545301008
6.08,0.009470547305202016
6.088,-0.18486552332714012
6.096,-0.006855442230272048
6.104,-0.008671564110066254
6.112,0.02112694501006612
6.12,-0.2209069120776028
6.128,0.016774768414780605
6.136,-0.0033453166689899113
6.144,0.014213411274149854
6.152,-0.0019262334236727664
6.16,-0.0007132015905521889
6.168,-0.015174474040963089
6.176,0.03270084044953004
6.184,-0.008609611638676695
6.192,0.16673908434173895
6.2,0.019777180200398148
6.208,0.040486996178010916
6.216,0.05760016504296733
6.224,0.05618022600021357
6.232,0.06168730516079713
6.24,0.139962487592277
6.248,0.05399157363576818
6.256,0.0349075453827877
6.264,0.0626491717190731
6.272,0.04366988710619248
6.28,0.007747405984910661
6.288,-0.026328743915982274
6.296,-0.05103587937111448
6.304,-0.03609159467627431
6.312,-0.042059025413737926
6.32,-0.06786664494166517
6.328,-0.02495075098831139
6.336,-0.047152429292579456
6.344,-0.03207370527075756
6.352,-0.04086336333299671
6.36,-0.19258952307088723
6.368,0.038737358992846395
6.376,0.11558090554180789
6.384,-0.021191247390867342
6.392,2.100745076880336
6.4,-0.2067561411325678
6.408,-0.2798693341706238
6.416,-0.3132907442615766
6.424,-0.1073689220621672
6.432,-0.044732192060408696
6.44,-0.018837052435810492
6.448,-0.012204635036944453
6.456,0.00375024464222597
6.464,0.020463390848783614
6.472,-0.010465558309079415
6.48,-0.005249949313566878
6.488,0.011148888683751815
6.496,0.024340255213082227
6.504,0.008754371489286194
6.512,0.02628940203309074
6.52,0.03677375287809289
6.528,0.03860814388383536
6.536,0.020164498208213484
6.544,0.051651150080275
6.552,0.027115304832778374
6.56,0.055902028666457146
6.568,0.04416755975684699
6.576,0.06313209842778607
6.584,0.06915886287608934
6.592,0.05051409217237097
6.6,0.052387296135081626
6.608,0.09954566883421391
6.616,0.09546174261182916
6.624,0.09247025132281414
6.632,0.10495235716160715
6.64,0.09546653930402267
6.648,0.03616449902684865
6.656,0.10764189248484299
6.664,0.09433283580303242
6.672,0.06397086076939293
6.68,0.07137085817338988
6.688,0.05870650305331951
6.696,0.07454974728710946
6.704,0.04537691851427437
6.712,0.054798050059555396
6.72,0.04606813896743074
6.728,0.04078631316763649
6.736,0.022444273544143568
6.744,0.03882033338875137
6.752,0.014869155536441487
6.76,0.048745935328582096
6.768,0.008433375851428424
6.776,0.031489801964115084
6.784,0.025017430712093395
6.792,-0.09901954011241232
6.8,0.010571698707640515
6.808,0.0344490122222231
6.816,0.02788104825166195
6.824,0.019163525480725398
6.832,0.03409826419217122
6.84,0.20718306646404083
6.848,0.05745879250673953
6.856,-0.16838532715719892
6.864,0.08569268805124988
6.872,0.08863519697602232
6.88,0.07225574388143802
6.888,0.05707266245400575
6.896,0.017332208468323375
6.904,0.05736817950275069
6.912,0.06200739925597018
6.92,0.04607629628264388
6.928,-0.01191597133779488
6.936,-0.0447869369453574
6.944,-0.03543083352629615
6.952,-0.016259557176773347
6.96,2.493522109402502
6.968,-0.04245682179041986
6.976,-0.05854397931142207
6.984,-0.03342069460997639
6.992,-0.03994963925522113
7.0,-0.0108345517514738
7.008,0.0271926904102477
7.016,0.10919708644790656
7.024,0.10006420586850248
7.032,-0.09426026259411863
7.04,-0.16984574452212625
7.048,-0.32481974875624603
7.056,-0.30749586964193626
7.064,-0.13726964276176987
7.072,-0.04828045576777948
7.08,-0.05046620642826374
7.088,-0.03583336908869275
7.096,-0.012460837453970475
7.104,-0.01647196479510301
7.112,0.007581078304290601
7.12,-0.012184110042073527
7.128,-0.2211581125000932
7.136,0.010521031052246877
7.144,0.020530616737113157
7.152,0.25754030472919676
7.16,0.05052956127899529
7.168,0.028347918539309767
7.176,0.1831793682099771
7.184,0.026407618811453096
7.192,-0.0410798871816949
7.2,0.035325701865193966
7.208,0.047458258591843834
7.216,0.04226934791843091
7.224,0.05252252012412798
7.232,0.05149227359425986
7.24,0.068549395148977
7.248,0.07831300755941362
7.256,0.02981562889658742
7.264,0.09487615860927992
7.272,0.10046799208830283
7.28,0.08404519241292807
7.288,0.09124312998830283
7.296,0.09553123182277654
7.304,0.30922694725372135
7.312,0.07957666926687161
7.32,0.044670337721674586
7.328,0.22122823909729
7.336,0.06848748098853921
7.344,0.05628986005368689
7.352,0.034610825541317426
7.36,0.0568368095436224
7.368,0.021610335413249186
7.376,0.022512758415238407
7.384,0.0008973066029293892
7.392,0.016029273197929156
7.4,0.003164573853603202
7.408,0.004970265932483857
7.416,0.026655754146317497
7.424,0.020365353173071
7.432,0.010384247251306235
7.44,0.010285790862409815
7.448,0.019638381106242605
7.456,0.018497676973748843
7.464,0.028509827045328187
7.472,-0.004913491377058418
7.48,0.1589192291176973
7.488,0.04167388434358705
7.496,0.06267634744382383
7.504,0.055638090797984006
7.512,0.08702898671054075
7.52,0.023798322427371916
7.528,0.08380673897404003
7.536,0.03481727645124695
7.544,0.04820822404350501
7.552,-0.18339163140088496
7.56,0.08812401496214228
7.568,-0.009444694224541136
7.576,-0.016162221018337947
7.584,-0.0018468710775407862
7.592,-0.029104377470175875
7.6,-0.03131922183665105
7.608,-0.03061133599599787
7.616,0.06399885173003945
7.624,-0.0059369228706573594
7.632,-0.038638630823797225
7.64,0.0005219197483371484
7.648,0.02253511869151076
7.656,0.11482586219737333
7.664,0.14597808882284508
7.672,0.3625368337735616
7.68,-0.13306870989696779
7.688,-0.20376034859273057
7.696,-0.2826670156070002
7.704,-0.1769099474927327
7.712,-0.051362930529096754
7.72,-0.02642291975275844
7.728,0.0018192000864176022
7.736,0.14359113702133375
7.744,0.02404928939226333
7.752,0.017212915189678008
7.76,0.020350416635898958
7.768,0.0184549238944918
7.776,-0.0038525312622915107
7.784,0.006540394205349111
7.792,0.02890216563711292
7.8,0.032704108779906954
7.808,-0.14975195593019572
7.816,0.03691056967032915
7.824,0.04130177768469338
7.832,0.051420692467063746
7.84,0.05602440983630933
7.848,0.043478656328120424
7.856,0.07274287806366363
7.864,0.08230888818669921
7.872,0.07238284987178947
7.88,0.07476777032676317
7.888,0.07470214935818802
7.896,0.09520818604287931
7.904,0.09132791549309928
7.912,0.08229409198914575
7.92,0.0967150585635793
7.928,0.11919762321649799
7.936,0.30104831583524944
7.944,0.12923034238829934
7.952,0.09966763722915738
7.96,0.1122888867298208
7.968,0.09141719053351587
7.976,0.09867254543196836
7.984,0.08395999923328455
7.992,0.07172305712720017
8.0,0.04280999869389279
8.008,3.0248212232937197
8.016,0.04846411499230316
8.024,0.032975442548798646
8.032,0.02773323335233585
8.04,0.03205354441202453
8.048,0.0083084084723334
8.056,0.019859768629856653
8.064,0.02766174649499666
8.072,-0.030256092279246596
8.08,0.04080931525257417
8.088,0.0036940808250019996
8.096,0.010063383950890827
8.104,0.013137245411636248
8.112,-0.0003423483210715488
8.12,-0.0014857571198112112
8.128,-0.06868528312765677
8.136,0.03877192614080893
8.144,0.05915026281523228
8.152,0.06232007073466633
8.16,0.08024647992779738
8.168,0.057521730864747676
8.176,0.06656435997284449
8.184,0.02799639072931775
8.192,0.10316740988140109
8.2,0.0387780749350468
8.208,0.017953582037079176
8.216,0.08626584794675665
8.224,-0.05622879652036923
8.232,-0.05348916137046443
8.24,-0.04863037089948725
8.248,-0.051014279922962875
8.256,-0.0598702658131136
8.264,-0.07636501944896577
8.272,-0.050545386600978556
8.28,-0.04587804472382951
8.288,-0.02389917034932048
8.296,0.022246414647530088
8.304,0.03161242009321277
8.312,-0.019414224549061602
8.32,-0.12654347501941277
8.328,-0.1502328267737354
8.336,-0.269219148919578
8.344,-0.31099066249746093
8.352,-0.43061575062885876
8.36,-0.06941362481733128
8.368,-0.05102547346719149
8.376,-0.07607366991792
8.384,-0.030391620688449354
8.392,0.17899254907793227
8.4,-0.02843743661286291
8.408,0.0012377761560307089
8.416,0.005172279176336759
8.424,0.01754661299651318
8.432,0.020259235660088887
8.44,0.019249552317377735
8.448,0.0013170524652663402
8.456,0.02912276767332663
8.464,0.0450582063030842
8.472,0.02236289477953068
8.48,0.04347982540472597
8.488,0.05689057921667937
8.496,0.043222171252787184
8.504,0.035891000371301524
8.512,0.0718596524179703
8.52,0.05304311838902704
8.528,0.07469644721636536
8.536,0.05243743779720143
8.544,0.06317011094585234
8.552,0.05631154204188429
8.56,0.08984207938358504
8.568,-0.029758510331835082
8.576,0.08853981771285262
8.584,0.20757147575562915
8.592,0.08812330981396518
8.6,0.06368110205321469
8.608,0.06040425785655369
8.616,0.061811121513825944
8.624,0.0677222104953654
8.632,0.04334161810598543
8.64,0.03119473027313741
8.648,0.00913112404018045
8.656,0.017855620299456317
8.664,0.01233043871820121
8.672,-0.030719426824171975
8.68,0.008279359872015776
8.688,-0.010174459582445798
8.696,0.002687469510859901
8.704,-0.14520270154880982
8.712,0.03590299954532129
8.72,-0.003938519963961745
8.728,0.005006159506289524
8.736,0.17542814184627611
8.744,0.019008933065081595
8.752,-0.0004167763097454088
8.76,0.034404151357012816
8.768,0.0066998426587920705
8.776,0.05702466711535163
8.784,0.05485867945021528
8.792,0.2705303232501263
8.8,0.06589469042040241
8.808,0.06333796709246022
8.816,0.04298018177702078
8.824,0.061884178253706706
8.832,0.0724102177347056
8.84,0.053654559915724015
8.848,0.02609560674833504
8.856,-0.012330959820041927
8.864,-0.12358215553089698
8.872,3.6131440110892767
8.88,-0.053019654577541736
8.888,0.16874804721709677
8.896,-0.01961465465632657
8.904,-0.15698356038512343
8.912,-0.01830086135097269
8.92,-0.022264112151394386
8.928,-0.11621148239719611
8.936,0.056767280889216114
8.944,0.12613330380259372
8.952,-0.06133509679762762
8.96,-0.11452583309306161
8.968,-0.20185311307426046
8.976,-0.27254512133282643
8.984,-0.30122579727401627
8.992,-0.10758483408440953
9.0,-0.059101793532579786
9.008,0.001971576812394859
9.016,-0.02850003008060891
9.024,0.0033056526705021686
9.032,0.2382489757048948
9.04,0.004100320124598683
9.048,-0.013339053522619371
9.056,-0.16919100916224006
9.064,-0.33194777110617196
9.072,0.011376733849367892
9.08,0.00965073839256448
9.088,-0.002151063182138039
9.096,0.003992046824318623
9.104,-0.07685116820431803
9.112,0.028268796278862418
9.12,0.037596979613680026
9.128,0.05618825840754094
9.136,0.03742393386900149
9.144,0.05261778078050176
9.152,0.030906583970612595
9.16,0.06711353442616218
9.168,0.06615480312618584
9.176,0.0764431614197579
9.184,0.06487009798982689
9.192,0.0819375957580693
9.2,0.09155326219508016
9.208,-0.15134303653219808
9.216,0.09003575218028491
9.224,0.0984979056347916
9.232,0.0882024267956289
9.24,0.04635162146102836
9.248,0.06446478805706485
9.256,0.07499049880836901
9.264,0.0742387106416604
9.272,0.04124568826831173
9.28,0.036182426428768205
9.288,0.05206677738405105
9.296,0.03868312231172821
9.304,0.01849620852562888
9.312,0.13250952104624802
9.32,0.03129574500154615
9.328,0.2256785813596889
9.336,0.004218789456940547
9.344,0.009258051315088282
9.352,0.007560098865105048
9.36,0.018313215428189356
9.368,-0.13049725207069993
9.376,-0.29388967062253635
9.384,0.010307987945290115
9.392,0.016180828159805417
9.4,0.017286965340424183
9.408,0.027031633687333394
9.416,0.056868748507943365
9.424,0.06954608047436284
9.432,0.08611772235949786
9.44,0.09191069867570471
9.448,0.07101976773274342
9.456,0.06179140887708809
9.464,0.04515924898640529
9.472,0.07167990013213257
9.48,0.04868446962818801
9.488,0.013621474806998369
9.496,-0.02883851288817155
9.504,-0.023075692627821137
9.512,-0.14256624835440354
9.52,-0.029600054092180986
9.528,-0.08411378515906334
9.536,-0.03341816087675581
9.544,-0.01856946165974523
9.552,-0.04877638897973299
9.56,-0.058894010330310595
9.568,0.0016673254113161503
9.576,0.06949038836256409
9.584,0.06954848077510309
9.592,0.012070081428226047
9.6,-0.11831654769254558
9.608,-0.17464047552859122
9.616,-0.30773454368760456
9.624,-0.31995018555469795
9.632,-0.1050095935281168
9.64,-0.012918778004636942
9.648,-0.0015873563522184712
9.656,0.18429740591887686
9.664,-0.015226498449375816
9.672,0.14660117783606091
9.68,0.0008926631493779806
9.688,0.015098590157771617
9.696,0.00731262123925938
9.704,0.0019099470992339773
9.712,-0.1660814317708098
9.72,0.0031354793933468083
9.728,0.026711758084379304
9.736,0.023057960616560524
9.744,0.04246644594363172
9.752,0.03661200948665885
9.76,0.05867244958644007
9.768,0.041747316714333474
9.776,0.04533869203829621
9.784,0.02547434445803576
9.792,0.041923917696045185
9.8,0.05169437964653383
9.808,0.055404107269181754
9.816,0.0675394715392728
9.824,0.1056806628622463
9.832,0.08427530577761949
9.84,0.08604240372875056
9.848,0.10088503416385523
9.856,0.11157597203928307
9.864,0.09003307497466105
9.872,0.09905718247629462
9.88,0.08677724786982469
9.888,0.050447542508826715
9.896,0.054667237076069464
9.904,0.06198340405079029
9.912,0.0366684793280466
9.92,0.047772448071172466
9.928,0.03491868250646373
9.936,0.030508500486741995
9.944,-0.08624977038106871
9.952,0.03667312246637136
9.96,0.044418973726773926
9.968,0.01920023450495746
9.976,0.0273349481408479
9.984,0.017697936458473867
9.992,0.0013500568338400167
10.0,0.017309202331215596
10.008,0.02623302804953572
10.016,0.019635392635457133
10.024,0.028871881525222437
10.032,0.0027149725182703697
10.04,0.005500598910088764
10.048,0.03460491751776218
10.056,0.06119940498233372
10.064,0.0630055188418065
10.072,0.2275428688768397
10.08,0.05067914007291023
10.088,0.07534610896555162
10.096,0.06865150255450189
10.104,0.03148992257858471
10.112,0.0781136760218375
10.12,0.05076549025338001
10.128,0.02792257870191242
10.136,-0.010734651018902149
10.144,-0.024246113528424196
10.152,-0.023932303579110817
10.16,-0.031402487657500026
10.168,-0.024479589371847417
10.176,-0.020730481554093398
10.184,-0.030391065403824243
10.192,-0.01976070002684926
10.2,-0.03128348731419213
10.208,0.02923475570432685
10.216,0.2615368831843162
10.224,0.127562233777963
10.232,-0.006235775172238565
10.24,0.25942425780871553
10.248,-0.1769935618362051
10.256,-0.2653794084672336
10.264,-0.28749751738355983
10.272,-0.06344769469581901
10.28,-0.04820356271787022
10.288,0.01690277547577124
10.296,0.0213175445084492
10.304,0.008082877914196013
10.312,-0.00877078413072703
10.32,0.01455755121592867
10.328,0.01635234281228343
10.336,0.0296280658869705
10.344,0.012953926398061463
10.352,0.01340573609677358
10.36,0.0403207696277666
10.368,0.038221690823504864
10.376,0.0532213355281891
10.384,0.029793495600649762
10.392,0.03813685168125318
10.4,0.08426761033811192
10.408,5.1746290161663655
10.416,5.136699676214885
10.424,0.05746972098547182
10.432,0.058780990418003096
10.44,0.06430820593536973
10.448,0.0610602367085739
10.456,0.2880813346362353
10.464,0.10589858382314646
10.472,0.2853749080522053
10.48,0.4762547871397995
10.488,0.11921106032920353
10.496,0.14471845845430675
10.504,0.1016883689896659
10.512,0.13479950932274962
10.52,0.11285136927680142
10.528,0.08039472024027826
10.536,0.07324900498037772
10.544,0.06287630605072508
10.552,-0.09668682515992646
10.56,0.06337281234750056
10.568,0.04861380194687633
10.576,0.024178426080440234
10.584,-0.026851894877297985
10.592,0.01178566337564754
10.6,0.005684162762389385
10.608,-0.008035266108048767
10.616,0.005047268880351826
10.624,0.013287230400672544
10.632,-0.004766746591927036
10.64,0.028615611329351427
10.648,0.009724014829022134
10.656,0.0177308483708101
10.664,-0.0057661699900877885
10.672,0.020117949292864125
10.68,0.000410633796339965
10.688,0.12485344780694514
10.696,0.05046615071737668
10.704,0.05725447725990959
10.712,0.07308197937018208
10.72,0.041240936395472313
10.728,-0.06034506753612834
10.736,0.061741310826622306
10.744,0.04358167646947237
10.752,0.21092699127353928
10.76,0.00844973201859299
10.768,0.010093056013995136
10.776,-0.03819413579548276
10.784,-0.1949483100131364
10.792,-0.04465438066753686
10.8,-0.0428765817201118
10.808,-0.04319190823149833
10.816,-0.06936042950499553
10.824,-0.03785448170700658
10.832,-0.054953694466633916
10.84,-0.035103385035636
10.848,-0.0031668694289435882
10.856,0.0679093686622436
10.864,0.10165858681241327
10.872,-0.0011402249371927874
10.88,-0.10059758874650492
10.888,-0.18289227087032708
10.896,-0.30529086540863737
10.904,-0.2250503536967724
10.912,-0.08951238406113823
10.92,-0.06628290688717318
10.928,-0.03461819532216051
10.936,-0.014913887828751388
10.944,-0.03829385917650005
10.952,-0.007665156435068156
10.96,0.00806987197211722
10.968,-0.015679829577045667
10.976,-0.016580611874777156
10.984,0.010773415363578395
10.992,0.02511537146333372
11.0,0.03266624935851686
11.008,0.040376083535214616
11.016,0.008673164252516885
11.024,0.033101090067821776
11.032,0.04582003205114155
11.04,0.0590242335816078
11.048,-0.12575978407232
11.056,0.05757924528302093
11.064,0.260495436455853
11.072,0.06389598623988783
11.08,0.07493647695144919
11.088,0.058705936447910445
11.096,0.28753124507448763
11.104,0.09927597314027418
11.112,0.1524493332366905
11.12,0.09183654515711058
11.128,0.14230618891901917
11.136,0.09115911788738747
11.144,0.10926188896184685
11.152,0.08466930651743489
11.16,0.06858642802479878
11.168,0.0712513825525338
11.176,0.07528646796707898
11.184,0.06760485234693571
11.192,0.07870404205625839
11.2,0.09059080167577314
11.208,0.053279906707216246
11.216,0.02844327558635579
11.224,0.035951666772557025
11.232,0.022804834483024287
11.24,0.0854984285280984
11.248,0.030163845251709044
11.256,0.03954645155011015
11.264,0.009616810972880183
11.272,0.020709164437466912
11.28,0.007564562554112503
11.288,0.003700574047442496
11.296,0.27879139121140667
11.304,0.014997476243910637
11.312,0.0353268383977644
11.32,0.0305809677361795
11.328,0.024843004344490195
11.336,0.09576285651357466
11.344,0.07252152235432512
11.352,0.07483232035214546
11.36,0.00322617986487246
11.368,0.08335177302993532
11.376,-0.13109512082463984
11.384,0.048653266951375715
11.392,0.2381931513541591
11.4,0.04349374775425561
11.408,0.0009037595574148305
11.416,6.219831366808997
11.424,-0.04126698056250836
11.432,-0.03997325925858259
11.44,-0.0206275467541981
11.448,-0.05476190605512646
11.456,-0.015503192716904892
11.464,-0.03611721529759188
11.472,-0.017456851258151194
11.48,-0.015968446825884053
11.488,0.04475545826709827
11.496,0.12494781032417733
11.504,0.0411179505920518
11.512,-0.09321215421626926
11.52,-0.15562249760054386
11.528,-0.2924975213203643
11.536,-0.3051161204392054
11.544,-0.11216778096795484
11.552,-0.05164428213453318
11.56,-0.030210789562033366
11.568,0.07043235870205736
11.576,-0.02087389816843961
11.584,-0.022636169735403226
11.592,-0.15182010561610107
11.6,-0.007465323437524687
11.608,-0.01045240516128353
11.616,0.014396024946417167
11.624,0.013542632238053383
11.632,0.013694835853754384
11.64,0.031962188763107996
11.648,-0.00023941738005619703
11.656,-0.03366282682824119
11.664,0.03555480580843899
11.672,0.13905248113930557
11.68,0.3543355717121999
11.688,0.06384527150916205
11.696,0.04877519993894409
11.704,0.05209054694401728
11.712,0.06257845780712298
11.72,0.06239533815132831
11.728,0.08412141565768917
11.736,0.08197248439050885
11.744,0.08847276030690181
11.752,0.08925687569080558
11.76,0.08163761407737571
11.768,0.0994830721629145
11.776,0.10035485025390459
11.784,0.21312635978381417
11.792,0.10108615810602253
11.8,0.07274220758060049
11.808,0.08568550838624023
11.816,0.05654310729500444
11.824,0.07470956515288513
11.832,0.225474123724547
11.84,0.049953547089621235
11.848,0.045391864870267036
11.856,0.03547364302870117
11.864,0.014172835435919994
11.872,0.02819097097973758
11.88,0.03682206516331643
11.888,0.08965987695834245
11.896,0.014993014322615364
11.904,0.01774722390653033
11.912,0.013195113786922206
11.92,0.019703465455648737
11.928,0.0025473046364016955
11.936,0.0196424862939617
11.944,0.029099008452897184
11.952,0.007199232317913721
11.96,0.05493528579674604
11.968,0.06287848462628924
11.976,0.09266205592208934
11.984,0.09701095330487895
11.992,0.08341541855525604
12.0,0.08863362693177723
12.008,-0.0980419895314955
12.016,0.04089672721675401
12.024,0.0711219005352945
12.032,0.0683338170434492
12.04,0.07675508539455786
12.048,-0.02320878354514124
12.056,-0.04639528923525755
12.064,-0.013465682961451175
12.072,-0.022900584127648754
12.08,7.420263703253553
12.088,-0.020316953299708486
12.096,-0.05182959056436398
12.104,0.15333105865839264
12.112,-0.02555356820008042
12.12,0.012880435602837772
12.128,0.06900627479792083
12.136,0.11102779175751407
12.144,-0.012173951297588428
12.152,-0.04414460996989572
12.16,-0.1907212296408753
12.168,-0.2916035547442347
12.176,-0.20854785288732283
12.184,-0.1522802007371863
12.192,-0.029773086119872533
12.2,0.14274901540653673
12.208,-0.0035482463718760817
12.216,0.021864789212096145
12.224,0.021221585619777952
12.232,-0.04020116864151144
12.24,0.09961141714879898
12.248,0.02493199370981879
12.256,0.041266030670808154
12.264,0.029052724264269206
12.272,0.21322919654196448
12.28,0.05899329770826268
12.288,0.04360011752839041
12.296,0.039701499320058765
12.304,0.05162666549864386
12.312,0.06303196455548876
12.32,0.07124066400615875
12.328,0.059362004453206
12.336,0.2768190135491215
12.344,0.16623627818511524
12.352,0.06796976749028026
12.36,0.080423034258736
12.368,0.08192981394060578
12.376,0.08268250376237418
12.384,0.0919552875899301
12.392,0.08951946483396105
12.4,0.0973717139724307
12.408,0.12199555040612989
12.416,-0.0019322375125228734
12.424,0.10869259944043067
12.432,0.26100091798495095
12.44,0.10068859868763672
12.448,0.07513413022435882
12.456,0.054663922713623296
12.464,0.0511407538373616
12.472,0.03433186125155649
12.48,0.03312966724230506
12.488,0.052750543523482615
12.496,0.04192435140714261
12.504,0.03278127922144087
12.512,0.04982229460959857
12.52,0.027532034503133455
12.528,-0.035780741676057236
12.536,0.04516494301475439
12.544,0.029836664546546376
12.552,0.023936469140482725
12.56,0.03233835874454176
12.568,-0.0015157848680578921
12.576,0.03565225460374396
12.584,0.022302420251782685
12.592,-0.0669611813049269
12.6,0.1315550066509715
12.608,0.18647257100509135
12.616,0.09566133999009545
12.624,0.09379861082150902
12.632,0.09185441715048139
12.64,0.09499146602049668
12.648,0.04632817054900886
12.656,0.08747028830324949
12.664,0.06801749158083316
12.672,0.06111951237717842
12.68,0.0044069258705478394
12.688,-0.014748993382265945
12.696,-0.10702438597401039
12.704,-0.024100118303730943
12.712,-0.059863776309116525
12.72,-0.052362345768851334
12.728,-0.032338349968072826
12.736,-0.02497159224124426
12.744,8.921549938323697
12.752,-0.0005209042214204922
12.76,0.05602101700095404
12.768,0.1131325994802393
12.776,0.040022764441901316
12.784,-0.06369356946861242
12.792,-0.15013903929450148
12.8,-0.18616897056894482
12.808,-0.25223549401763984
12.816,-0.1154981409359818
12.824,-0.04443857887771096
12.832,-0.05368101441364322
12.84,0.15203040258654493
12.848,0.3780501552814172
12.856,-0.0006036881484544252
12.864,0.0219219989471064
12.872,0.006982922351384657
12.88,0.00828097490928351
12.888,0.025467389134098888
12.896,-0.1774498800197901
12.904,0.025052406242610292
12.912,0.028147631855718887
12.92,0.030484357408681634
12.928,0.02906885701709345
12.936,0.050533383719199895
12.944,0.05894156086536757
12.952,0.0383426341261379
12.96,0.048228588128579
12.968,0.08116979631252205
12.976,0.08617100355748522
12.984,0.09652125430518127
12.992,0.0985466191342212
13.0,0.09507087022999097
13.008,0.09351422231611901
13.016,0.1111437574095663
13.024,0.1340699040593753
13.032,0.11141354492999002
13.04,0.1114242207496723
13.048,0.12178629872850766
13.056,0.1283412791367851
13.064,0.08725679118346112
13.072,0.10072554032993773
13.08,0.09335179518247151
13.088,-0.12511657064368967
13.096,0.07087265989641543
13.104,0.08745971697964441
13.112,0.030098886373064952
13.12,0.04143360926720181
13.128,0.028016930207824118
13.136,0.04271283073143292
13.144,0.024374545045546175
13.152,-0.16662705757458873
13.16,0.029708649733153188
13.168,0.02337289605604828
13.176,0.027376983162712046
13.184,0.04127851144304541
13.192,0.007943486166282036
13.2,0.026274096201817882
13.208,0.051052302771260966
13.216,0.01296190508103995
13.224,0.030351492314690344
13.232,0.05895277777057788
13.24,0.0534204479651638
13.248,0.05935504418432313
13.256,0.08905449664166203
13.264,0.054437981961698315
13.272,0.08586854168350569
13.28,0.0717591196399224
13.288,-0.1623228239701967
13.296,0.10555290459233875
13.304,0.07116094693063543
13.312,0.02215539819945195
13.32,0.002213245803652958
13.328,-0.25214957620756895
13.336,0.002879933859099217
13.344,-0.022264579670045786
13.352,0.0185798287689487
13.36,-0.021452724123845666
13.368,-0.011127382657938474
13.376,-0.007470877548626725
13.384,0.024009882443468848
13.392,0.2444259825931257
13.4,0.34467026476102064
13.408,0.1402014995051964
13.416,0.004148269029116929
13.424,-0.091961051047392
13.432,-0.18501055327993854
13.44,-0.23887543870601236
13.448,-0.24614722987585805
13.456,-0.034588836399738886
13.464,-0.014373678054815146
13.472,-0.01396388817544156
13.48,-0.007349702579131416
13.488,-0.005529155635999348
13.496,0.006162064853956783
13.504,0.030031701567575973
13.512,0.03347556189071494
13.52,0.0539389345277275
13.528,0.04653836623881859
13.536,0.05878556473846837
13.544,10.700781926513862
13.552,10.749037855067812
13.56,0.07858229905889924
13.568,0.050037540011202704
13.576,0.07920585641185028
13.584,0.05747829831518535
13.592,0.29915284072771575
13.6,0.06379170137880655
13.608,0.06663882741215876
13.616,0.07616400454441366
13.624,0.08358883968543883
13.632,0.07314551597651706
13.64,0.0976975647174639
13.648,0.0708301827735437
13.656,0.0897031109750219
13.664,0.13529946878600274
13.672,0.3467930223238338
13.68,0.07362002855087427
13.688,0.09739250583594775
13.696,0.07950882329175159
13.704,-0.05232457416825012
13.712,0.07241841036497039
13.72,0.0525293106200213
13.728,0.04578994104800495
13.736,0.050231851061372686
13.744,0.028244278943364065
13.752,0.005390519137185983
13.76,0.01198583375893289
13.768,-0.008290844989670152
13.776,-0.004672793888937597
13.784,-0.0032648818721183245
13.792,-0.007859409099567111
13.8,0.008150490026400187
13.808,0.16344080195046887
13.816,-0.06870867867973984
13.824,-0.1444287175710986
13.832,-0.004865623102227905
13.84,-0.00042027511763425077
13.848,-0.01655238725414676
13.856,-0.1548146944007695
13.864,-0.007936092963196618
13.872,0.01939348402889634
13.88,0.00845490310814384
13.888,0.06914001071662029
13.896,0.0777821438193645
13.904,0.07158162634860718
13.912,0.06487126744113735
13.92,0.03667206090053875
13.928,0.05595347169491975
13.936,-0.02522182683393561
13.944,0.06398513145208348
13.952,0.010123006129266861
13.96,-0.026192797667466104
13.968,-0.039995522226453924
13.976,0.18696087239908987
13.984,-0.055881487879136445
13.992,-0.03880481961744161
14.0,0.006554165986623087
14.008,-0.0298158671564279
14.016,0.07863898936767667
14.024,-0.0304811218404424
14.032,0.022757633965948643
14.04,0.11580597361597844
14.048,0.07179688723281367
14.056,-0.033372236438632026
14.064,-0.14009483707055664
14.072,-0.2303362815147558
14.08,-0.028563424483185128
14.088,-0.18349987947829702
14.096,-0.06304376808337589
14.104,-0.03201685086515834
14.112,-0.02510242629087126
14.12,-0.008033745393341384
14.128,-0.01930264836961646
14.136,0.011672230937588287
14.144,-0.004231552155764442
14.152,0.014033431064879266
14.16,-0.04080519222932516
14.168,0.02163447266810844
14.176,-0.21664294616193597
14.184,0.021588668761777334
14.192,0.03256589103736115
14.2,0.022089864511536588
14.208,0.028439066959450785
14.216,0.02637487002638518
14.224,0.050317887025010284
14.232,0.04914742667869798
14.24,0.04709604504840143
14.248,0.18857819481238883
14.256,0.0796593845888805
14.264,0.08397297293510668
14.272,0.08456642284554228
14.28,0.08630688974451478
14.288,0.11198891363023929
14.296,0.10231221757735313
14.304,0.09057908276661192
14.312,0.09076150546014929
14.32,0.09243282090333578
14.328,0.08947287492675454
14.336,0.09696034695920831
14.344,0.07849779778359892
14.352,0.0806200679972963
14.36,0.048815236722253665
14.368,0.05327318586700486
14.376,0.031949343022925604
14.384,-0.06900041279910267
14.392,-0.22683176624755103
14.4,0.023050501750963015
14.408,0.031149129118511268
14.416,0.0180881878089333
14.424,0.01576795543523163
14.432,0.0221119987515765
14.44,0.19649030446065888
14.448,0.365499943703816
14.456,0.026036748424271543
14.464,0.010804755376912374
14.472,12.833412207427806
14.48,0.03134224201337844
14.488,0.028379397653837797
14.496,0.010048827495563512
14.504,0.04175107017909717
14.512,0.04370273854908063
14.52,0.06626523177457405
14.528,0.07663139143065945
14.536,0.10207693938509972
14.544,0.08178686758574039
14.552,0.06273602919627774
14.56,0.06748033310608151
14.568,0.07263662746676619
14.576,0.078569218713917
14.584,0.032215897936844644
14.592,-0.00998753754533286
14.6,-0.02652711755640358
14.608,-0.04586560216438508
14.616,-0.037378850015435276
14.624,-0.023613298206065364
14.632,-0.27365155406831093
14.64,-0.03484958350473654
14.648,-0.04786249900503547
14.656,-0.016488737107325707
14.664,-0.0041296116780666
14.672,0.0717167311687349
14.68,0.2052863388148167
14.688,-0.008064756062275528
14.696,-0.10556632718072803
14.704,-0.2006429885696925
14.712,-0.3058180814391554
14.72,-0.32354034461432135
14.728,-0.4634784471335219
14.736,-0.03847005229595159
14.744,-0.015303755661477533
14.752,-0.006633321194767928
14.76,-0.1775638535867601
14.768,0.0003034568733043157
14.776,0.1997723677936583
14.784,0.020086797124464595
14.792,0.034703841486967785
14.8,0.007603627458662874
14.808,0.03325416702027369
14.816,0.04367550690823202
14.824,0.04540385781838168
14.832,0.018572203962271525
14.84,0.04365994763149241
14.848,0.02964143268286127
14.856,0.05446862743828996
14.864,0.031495183262545384
14.872,0.054881297633568964
14.88,0.0795124996955576
14.888,0.07096768887167783
14.896,0.06962791654392954
14.904,0.10157293729130545
14.912,0.07844568890125389
14.92,0.11886790399385105
14.928,0.09969616210648898
14.936,0.13002226703831304
14.944,0.11500421256656841
14.952,0.09542393249548163
14.96,0.0020099867728265598
14.968,0.11189954398590653
14.976,15.412936214577922
14.984,0.07058192070620928
14.992,0.07671186752185301
15.0,0.06651332742537036
15.008,0.055024112039631576
15.016,0.02985171079102858
15.024,0.04120360949124588
15.032,0.031810320785873786
15.04,0.03256097721507004
15.048,0.019337592750947662
15.056,-0.10584879915862952
15.064,0.025978432558159723
15.072,0.013554126228239625
15.08,0.007778809629866244
15.088,0.015428618952606303
15.096,0.17719321465524135
15.104,-0.0218905178626463
15.112,0.0024173479136222528
15.12,0.01810525683001817
15.128,0.020077824912218472
15.136,0.044797045817623914
15.144,0.0577900386197431
15.152,-0.0767098991578171
15.16,0.09286248954927741
15.168,0.07904179885913543
15.176,0.07951981300570476
15.184,0.07092816062333511
15.192,0.19045003056916696
15.2,0.08977648107281147
15.208,0.08385055156103423
15.216,0.08370451722139739
15.224,0.0022136000391086066
15.232,0.0009306888632541642
15.24,-0.011814271025174733
15.248,-0.020950042756304958
15.256,0.08522670910723218
15.264,-0.029547461913813463
15.272,-0.024040907684435148
15.28,-0.036839997524643266
15.288,-0.030301871176322354
15.296,-0.0010570760517854307
15.304,0.049500275617040186
15.312,0.12633745547750908
15.32,0.13110693836631587
15.328,-0.08022472495048193
15.336,-0.15795417762206423
15.344,-0.08560999641971442
15.352,-0.1598894491981223
15.36,-0.10758881725859457
15.368,-0.027321758435874737
15.376,-0.012258985719468755
15.384,0.009298821601054058
15.392,0.007995056072570105
15.4,-0.0016306033307176577
15.408,0.0014191946688855567
15.416,0.004933298659371775
15.424,0.007823295847381399
15.432,0.020379278656982126
15.44,0.030146555378880627
15.448,0.02646400651866927
15.456,0.043414849216052646
15.464,-0.10971714023966003
15.472,0.05356317947302811
15.48,0.0504981456052693
15.488,0.06223094556364083
15.496,0.047991825002600144
15.504,0.07959209489959831
15.512,0.2452729840325938
15.52,0.06592208876288283
15.528,18.47089702095537
15.536,0.07676817912441626
15.544,0.2858626735748622
15.552,0.08143882349270304
15.56,-0.08211218520655014
15.568,0.08901223641097214
15.576,0.11065182708070471
15.584,0.13636091135734796
15.592,0.11108580288673255
15.6,0.1037540980874477
15.608,0.08744642706243087
15.616,0.07863222757098026
15.624,0.09638727693540318
15.632,0.07612492936705707
15.64,0.06884908891566706
15.648,0.042600417944336055
15.656,0.06074683338203349
15.664,0.034812492960330815
15.672,0.06739995738632937
15.68,0.02705618387663481
15.688,0.042752340968018415
15.696,0.1250918563085181
15.704,0.03427435594221287
15.712,0.03425413776563018
15.72,0.03411211616244754
15.728,0.01160867639814351
15.736,0.015851082926329266
15.744,0.016858390198000877
15.752,0.019120494064815464
15.76,0.1832405488882217
15.768,0.013411665950911799
15.776,0.009517726091510994
15.784,-0.12524276003114646
15.792,0.04616161229483308
15.8,0.08570835779037106
15.808,0.06843514857918633
15.816,0.08538879192726234
15.824,0.07100214791203839
15.832,0.052590394832065956
15.84,0.05286783799656998
15.848,0.07488747362114546
15.856,0.19810071601735216
15.864,0.005889803086350396
15.872,-0.04436474773042423
15.88,0.047433685665494135
15.888,-0.022440161970903292
15.896,-0.03659343816314647
15.904,-0.024135757711405862
15.912,-0.04905433800496955
15.92,-0.022675242744532684
15.928,-0.0638310899470454
15.936,-0.009483624060269437
15.944,0.04301040855828423
15.952,0.10766560425529106
15.96,0.0006285459618653874
15.968,-0.10962370585277335
15.976,-0.17103014885130255
15.984,-0.28683696220291494
15.992,-0.29729807984125123
16.0,-0.5084138672623991
16.008,-0.04414373200115652
16.016,-0.025608880463394525
16.024,-0.03922730049301597
16.032,0.0052745201895140585
16.04,-0.007645484711574314
16.048,0.005972658705906912
16.056,0.012815115811593385
16.064,-0.007623629867070918
16.072,0.029515191816157374
16.08,0.1360000268757603
16.088,0.033939235992539514
16.096,0.03886047200949645
16.104,0.024173917392729737
16.112,0.025258467278206794
16.12,0.04088528472980791
16.128,0.055693887586737004
16.136,0.07519221437949751
16.144,0.05754798196072429
16.152,0.30015053886213755
16.16,0.062309946465397496
16.168,0.07746666324794486
16.176,0.08024971479192596
16.184,-0.07438597156226426
16.192,0.09628115123638677
16.2,0.08623312828271047
16.208,0.10847856346821554
16.216,0.10167802748692173
16.224,-0.08435385961204783
16.232,0.0807633496227757
16.24,0.10840925363580438
16.248,0.2973285369379701
16.256,0.11283740333460146
16.264,0.060561521186294834
16.272,0.06595155431362586
16.28,0.054433305622513015
16.288,0.02671633969106535
16.296,0.025204567281306503
16.304,0.02452004491575566
16.312,0.029455284497137572
16.32,0.02164278142543016
16.328,-0.21971034157351987
16.336,0.034165096151101276
16.344,0.014779319970912693
16.352,0.030495893807109563
16.36,0.012376047980819354
16.368,0.016507009627691093
16.376,0.02604382398462086
16.384,0.024876004724158445
16.392,0.02340270311354224
16.4,0.01898726276225264
16.408,0.011378691880321413
16.416,-0.16586028498144884
16.424,0.06070565129101057
16.432,0.07102229404443594
16.44,0.08629349258143915
16.448,0.07393967281567054
16.456,0.06270909811261231
16.464,0.06647269642227495
16.472,0.07690591583868907
16.48,0.06926938874766733
16.488,0.08810199676970974
16.496,0.010090373077126617
16.504,-0.21743880216851755
16.512,-0.02196227141613351
16.52,-0.009615822447124568
16.528,22.15315505402892
16.536,-0.027503083247798068
16.544,0.12952218230315826
16.552,-0.030513942109387328
16.56,0.18687172195361712
16.568,-0.01486587941023274
16.576,0.012862916281156656
16.584,0.080376663259794
16.592,0.1351918813349456
16.6,0.006752665111794752
16.608,-0.14034101905315519
16.616,-0.22786131068592602
16.624,-0.2910875953110376
16.632,-0.19699739149848697
16.64,-0.06543265235105752
16.648,0.023507633784113822
16.656,-0.012995131902767566
16.664,0.001551285383641481
16.672,0.004272305962527715
16.68,-0.014001495936554543
16.688,0.14002030791398698
16.696,0.007311191306427462
16.704,0.024482180463565442
16.712,0.030928834629904003
16.72,0.04490433663153267
16.728,0.01560041500758893
16.736,-0.021587016865449248
16.744,0.024263593301375445
16.752,0.06344046708094186
16.76,0.05801581961207136
16.768,0.058304157970931296
16.776,0.05782173648499983
16.784,0.06364049767123442
16.792,-0.17388078051733935
16.8,0.07573545593591426
16.808,0.0943284851050799
16.816,0.06352079092924243
16.824,0.09304863740818374
16.832,0.0816921413778743
16.84,0.12733476201549812
16.848,0.10413353567355664
16.856,0.13056732789444842
16.864,0.1278149291276188
16.872,0.12934236144977188
16.88,0.1146601494317915
16.888,0.09913076204846585
16.896,0.08027430183271138
16.904,0.08351791991240277
16.912,0.06583666490843566
16.92,0.05681505039073141
16.928,0.058509190605498425
16.936,0.05071195868044481
16.944,0.2128369596717052
16.952,0.04982611895424804
16.96,0.021247617862352436
16.968,0.03390427838395536
16.976,0.016182517737979137
16.984,0.030497982394013454
16.992,0.017880180061469634
17.0,0.0361852091979235
17.008,0.013863532427862375
17.016,0.04757537856631118
17.024,0.01679447521737204
17.032,0.02014901018024199
17.04,0.24466883262327888
17.048,0.035480084394310385
17.056,0.06436904557342467
17.064,0.034795801912353624
17.072,0.05181593706174968
17.08,0.09037710169817045
17.088,0.21977237172199446
17.096,0.07958593303011928
17.104,0.09218805017695872
17.112,0.059665779759716084
17.12,0.08311667052966694
17.128,0.057423601542662996
17.136,0.039520862705982436
17.144,-0.011761579970881023
17.152,-0.013914348452061619
17.16,-0.018991525017301406
17.168,-0.0037455411215994486
17.176,-0.012255462641492963
17.184,-0.24963022924183442
17.192,-0.2593725143005838
17.2,-0.03203234201522193
17.208,0.04384919176011452
17.216,0.10134972925669183
17.224,0.13542966710073429
17.232,0.03024114375396
17.24,-0.06675693954259987
17.248,-0.12235430529272961
17.256,-0.21492388276094992
17.264,-0.26688229932541
17.272,-0.09991921735876154
17.28,-0.026592996647275796
17.288,-0.0016666477185689325
17.296,0.010180939610991924
17.304,0.03209173038952147
17.312,0.016045504431492608
17.32,0.030233801311681806
17.328,0.012564760456082954
17.336,0.02728129493749781
17.344,0.009912015116259791
17.352,0.051435638618844266
17.36,0.03461243585577886
17.368,0.038737938553605314
17.376,0.24155771411226357
17.384,0.31263084695230126
17.392,0.05107806084100963
17.4,0.07206110490510736
17.408,0.22104862468867012
17.416,0.05926188063234628
17.424,0.07005759444812713
17.432,0.07580348252935566
17.44,0.07715390275442421
17.448,0.09959016408808118
17.456,0.12094537239028938
17.464,0.11565799779530578
17.472,0.15407189737567903
17.48,0.11406427773550742
17.488,0.16305157011518057
17.496,0.12739898722088194
17.504,0.12370156897335681
17.512,-0.05519612697561582
17.52,0.09950527223232528
17.528,0.09854304095132184
17.536,0.08587075616131484
17.544,0.06058977847957361
17.552,0.0655450210766913
17.56,0.03951495844354177
17.568,0.030764564732168202
17.576,0.02103668346355655
17.584,-0.04664766949867606
17.592,0.009698410879820207
17.6,0.017381923608215263
17.608,0.005092283636037167
17.616,0.01798908850775001
17.624,0.011765925258694066
17.632,0.007905480448268828
17.64,0.013243476849499329
17.648,0.022038662837017817
17.656,-0.0016580540066063933
17.664,-0.1215131654169603
17.672,0.013969698966168353
17.68,-0.005616582246811277
17.688,0.016282881090327238
17.696,0.020715886409030573
17.704,0.0579766809901787
17.712,0.05240044432252435
17.72,0.079047881503999
17.728,0.0456081771714796
17.736,0.05446048755902237
17.744,0.055781906912921245
17.752,-0.1270067986717657
17.76,0.06915315637500485
17.768,-0.02516792250270848
17.776,-0.008927907283715886
17.784,0.21828634159590007
17.792,0.37298487276317105
17.8,-0.04515060429057513
17.808,-0.029846537167308132
17.816,-0.056350689975805855
17.824,-0.04473684131153209
17.832,-0.03353695735744484
17.84,-0.06156064677639207
17.848,-0.014891856532026106
17.856,-0.14349887100036693
17.864,0.13330747547133978
17.872,0.018586445462010475
17.88,-0.09578062990067944
17.888,-0.12281360574724191
17.896,-0.24620440334086616
17.904,-0.49467413800512516
17.912,-0.1275593711270819
17.92,-0.03374255779677994
17.928,-0.021116892657193485
17.936,-0.008170712571977655
17.944,-0.018245346282640455
17.952,0.0171163910672312
17.96,-0.17454329404448138
17.968,0.014499690862458014
17.976,-0.003989017686568045
17.984,0.018069008262878158
17.992,0.025993828904871764
18.0,0.03925195251045181
18.008,0.0423369555655528
18.016,0.03915625199783687
18.024,0.04254242844697845
18.032,0.04158514414389186
18.04,0.058695528459148924
18.048,0.04466935933646049
18.056,0.06360651495614021
18.064,0.07434232544380147
18.072,0.07263747703949586
18.08,0.08059726311888944
18.088,0.03381337382030048
18.096,0.10439436504305963
18.104,0.1101123720551545
18.112,0.07930175776929904
18.12,0.12194431969093367
18.128,0.10093225912538867
18.136,31.889287664354157
18.144,0.08934122369523564
18.152,0.10596217724215018
18.16,0.09476084291070319
18.168,0.09174534355750244
18.176,0.08009971641126504
18.184,0.0649334248407243
18.192,0.05763486391609319
18.2,-0.19076334512889292
18.208,0.003869724332506444
18.216,0.032273779327261914
18.224,0.017846974635478637
18.232,0.030008120227976436
18.24,0.00959271384494699
18.248,0.02479054790819693
18.256,0.01854445157979283
18.264,0.014853868716066391
18.272,0.0020566194551152293
18.28,0.00906824240313633
18.288,0.019065365844482103
18.296,0.011842522155612645
18.304,0.02669739932015602
18.312,0.11216291366417455
18.32,0.040377595549503945
18.328,0.03985957103492843
18.336,0.1973342274458717
18.344,0.06296524955348495
18.352,0.09293436128646475
18.36,0.06851973402330848
18.368,0.08993094963885478
18.376,0.04820028039699683
18.384,0.15827926126649103
18.392,0.05921799431341762
18.4,0.07339109406059004
18.408,0.025758725958563614
18.416,0.012396861419023403
18.424,-0.04900424811921003
18.432,-0.034279238810986615
18.44,-0.015111534825830818
18.448,-0.025626767316171126
18.456,-0.04678422433985801
18.464,-0.022029664585840464
18.472,-0.05894734833429391
18.48,-0.016919943066273112
18.488,0.023018656522071346
18.496,0.08160563709849163
18.504,0.06605907283982562
18.512,-0.029130331908622076
18.52,-0.023354377536227836
18.528,-0.21817840655712523
18.536,-0.30539046950074683
18.544,-0.22826795356386353
18.552,-0.14054839049139872
18.56,-0.04847335126859421
18.568,-0.01143767248443886
18.576,-0.00824986375801676
18.584,0.00016375243060130578
18.592,0.00841491798494921
18.6,0.02160610107883764
18.608,0.0029749057382430838
18.616,0.16139153439009152
18.624,0.0034565414159181025
18.632,0.0033086529692521426
18.64,0.027443688769924975
18.648,0.015543951100429217
18.656,0.028830345363526848
18.664,0.039093778149482214
18.672,0.03813665065604869
18.68,0.11776316281719763
18.688,0.05798508540166071
18.696,0.03375418627273112
18.704,0.06113179423434088
18.712,0.07780380448624312
18.72,0.09638878766195803
18.728,0.07578737283110126
18.736,0.1129534662147091
18.744,0.26038858154330646
18.752,0.12019870363022939
18.76,0.10509837030303938
18.768,0.12905546677062493
18.776,0.12395122883863537
18.784,0.12155559518701603
18.792,0.045576425034112515
18.8,0.08966233661052936
18.808,0.08814568889078123
18.816,0.06946380861151932
18.824,0.0628928706544285
18.832,0.06448967091661019
18.84,-0.009326663207899336
18.848,0.046772327082850194
18.856,0.042506398185101345
18.864,-0.14315723105253833
18.872,0.02710268753954517
18.88,-0.030648977426800245
18.888,0.04078061488474147
18.896,0.01898217804074657
18.904,0.030485404286685096
18.912,0.018227212839159523
18.92,0.026683363433059538
18.928,0.0030873480536360645
18.936,0.029657872432995697
18.944,-0.013253998662811113
18.952,0.2006684648634369
18.96,-0.13018394618504242
18.968,-0.2239598014998565
18.976,-0.39315663416572727
18.984,-0.4523789642202634
18.992,-0.4567177375818817
19.0,-0.4490303853441186
19.008,-0.6085214359711065
19.016,-0.44644274832915104
19.024,-0.46444385677090855
19.032,-0.46206264244917933
19.04,-0.43841902741077116
19.048,-0.4749482438931102
19.056,-0.6960000002204506
19.064,-0.7338299452284912
19.072,-0.813850591612586
19.08,0.26263526093393197
19.088,0.2587136896047799
19.096,0.2708520354635634
19.104,0.28352342398027386
19.112,0.29882523512971687
19.12,0.3130146444701145
19.128,0.3262552060982497
19.136,0.07352010208051922
19.144,0.3416016206345719
19.152,0.35296305469044115
19.16,0.35427551140858776
19.168,0.41472200201184906
19.176,0.42349282698950363
19.184,0.44462940951199664
19.192,0.45699362574103086
19.2,0.6267572725641394
19.208,0.48810228831671115
19.216,0.5052353395684501
19.224,0.5060893368664904
19.232,0.4995459283565652
19.24,0.5106809676413789
19.248,0.5031299778185454
19.256,0.4655397286450868
19.264,0.4312204287225966
19.272,0.4240249935590491
19.28,0.34885782475888216
19.288,0.2885345818024861
19.296,0.23680704006040343
19.304,0.16086739932979627
19.312,0.12099033622845756
19.32,0.36817243695806773
19.328,0.061742383167874317
19.336,0.026303536658548798
19.344,0.025301222708571814
19.352,-0.0025483968838129496
19.36,-0.027039711778133545
19.368,-0.04841339134246406
19.376,0.004059735760735088
19.384,-0.030058927538154367
19.392,-0.03729082815931816
19.4,-0.04149302751016029
19.408,-0.04675933100624584
19.416,-0.05458402893833814
19.424,-0.04504373807715295
19.432,-0.03613831448131641
19.44,-0.05871950766764822
19.448,-0.04586345970421717
19.456,-0.06212790411037913
19.464,-0.06300612675281755
19.472,-0.04078214774130728
19.48,-0.05644413500009604
19.488,-0.06100916953725073
19.496,-0.05256710907203158
19.504,-0.04474066935130919
19.512,-0.036175449378759585
19.52,-0.17418008308218375
19.528,-0.03641941053768957
19.536,-0.03267550334509956
19.544,-0.020524373950342477
19.552,-0.026118031767290016
19.56,-0.0640023304066085
19.568,-0.034919795818653315
19.576,-0.03558953873208817
19.584,-0.08660195085505826
19.592,-0.06267981497429323
19.6,-0.025249563975221694
19.608,-0.009109488066367048
19.616,0.02626024933110246
19.624,0.024925810635826728
19.632,-0.06745533457027758
19.64,0.13242764108838806
19.648,0.05398601344136728
19.656,0.021589563592705016
19.664,0.010256829692085969
19.672,0.045826606483734475
19.68,0.041179477878268304
19.688,-0.02060316193430467
19.696,-0.04995558859360901
19.704,-0.057582524311327446
19.712,-0.08964193765025315
19.72,-0.06025017278361293
19.728,-0.08795960473490888
19.736,-0.052868864462313286
19.744,-0.06964199223789959
19.752,-0.0638423666366541
19.76,-0.04088912059602864
19.768,-0.009644845888337574
19.776,0.0869446443303855
19.784,0.1149903273866551
19.792,-0.07132128687780269
19.8,-0.13603719701787328
19.808,-0.23843822093472294
19.816,-0.3123977316831404
19.824,-0.1826231071410509
19.832,-0.3187998168636658
19.84,-0.04734612895698176
19.848,-0.12375578184355335
19.856,-0.08533087815853299
19.864,-0.01848133706322419
19.872,-0.010270107270295264
19.88,-0.026082165936776792
19.888,-0.009196443576257847
19.896,-0.0014345219867852184
19.904,-0.005324169280279055
19.912,0.04051748146396039
19.92,0.01716101492377287
19.928,-0.01503872897518295
19.936,0.019525953837607888
19.944,-0.056051909820744206
19.952,0.028523352175101917
19.96,0.03763543445220963
19.968,0.03614455287790682
19.976,-0.10749300338782007
19.984,-0.21878725612283623
19.992,0.03611149410201129
20.0,0.03942351060051749
20.008,0.027205906688848737
20.016,0.040508716146746386
20.024,0.06672373252471678
20.032,0.2854051275882409
20.04,0.07144027132936673
20.048,0.07442730855980723
20.056,0.05889507605462712
20.064,0.03543558960784183
20.072,0.05274454288747495
20.08,0.05969280413084034
20.088,0.03573646220447838
20.096,0.04302943085302254
20.104,0.29697184216086625
20.112,0.02631675564667988
20.12,0.014887884996479146
20.128,0.04037557268294964
20.136,0.019063804663804078
20.144,0.021123384905650078
20.152,-0.1619509620191664
20.16,0.021586504762226268
20.168,0.004569004744974797
20.176,-0.22747785435727302
20.184,-0.018877271152374763
20.192,-0.014227138965664868
20.2,0.0031803726560912645
20.208,-0.0024400185464874464
20.216,0.0017342430183692828
20.224,-0.019260835073523656
20.232,-0.006450518777381196
20.24,0.007857144654331098
20.248,0.02851310786166146
20.256,0.026586359531960216
20.264,0.2356294158397217
20.272,0.0939567078891147
20.28,0.041973691401597325
20.288,0.06704484202469407
20.296,0.02883955032640592
20.304,0.04749783355853257
20.312,0.062449466446957626
20.32,0.05586840089681265
20.328,0.0036822434197835083
20.336,-0.039209272495217475
20.344,55.0453954026429
20.352,-0.020047513795501987
20.36,-0.04047527178820962
20.368,-0.021464092218972497
20.376,-0.04613854958444288
20.384,-0.031806026427932406
20.392,-0.04344504151421859
20.4,-0.0005927679310290352
20.408,0.005818269821492913
20.416,0.18777847770754383
20.424,0.1255819304269993
20.432,-0.018594716342191522
20.44,-0.15033534488860345
20.448,-0.2441951335952705
20.456,-0.04619797285410554
20.464,-0.14876143300114128
20.472,-0.04632006876048752
20.48,-0.017928804067010494
20.488,0.0009471063701123575
20.496,-0.09109741487477209
20.504,-0.16734168326217366
20.512,0.024107848462073436
20.52,0.011840852689320197
20.528,-0.0011504882463942963
20.536,0.028547905549839405
20.544,-0.07225685367014377
20.552,0.03860209194114217
20.56,0.0008244732731959616
20.568,-0.13399458701285596
20.576,0.03665442245988048
20.584,0.07701498264334602
20.592,0.13697258451169378
20.6,0.06677274508065505
20.608,0.04448487902884942
20.616,0.07686420886279419
20.624,0.07938728525753648
20.632,0.08253251662248579
20.64,0.09155410640751625
20.648,0.12591525137912607
20.656,0.11694058821347167
20.664,0.09127413831902124
20.672,0.11132757372043568
20.68,0.10834888073781676
20.688,0.11471805335792912
20.696,0.12014058781879611
20.704,-0.09782830954044978
20.712,0.11289866463015358
20.72,0.11669078384872258
20.728,0.09201305655064797
20.736,0.08309647163441763
20.744,0.07684169316821023
20.752,0.06073194736505964
20.76,0.047580289193276386
20.768,0.06616998107425831
20.776,-0.2084304312804568
20.784,0.04681938652559764
20.792,0.03229142381858775
20.8,0.024843055631208963
20.808,0.028426938463455922
20.816,0.013693036674077924
20.824,0.03336800922514465
20.832,0.05254107305948047
20.84,0.009683668493312153
20.848,0.03372307104790467
20.856,0.014183399491848835
20.864,0.01794894485927037
20.872,0.04303764379918462
20.88,0.058678066673843246
20.888,0.03655932942230495
20.896,0.06522752916005288
20.904,0.06906450046279705
20.912,0.0875297725284217
20.92,0.09167104003395668
20.928,0.0720107727340385
20.936,0.06541128613073495
20.944,0.080629506277311
20.952,0.08147907219316078
20.96,0.04891640307329702
20.968,0.041318047909918415
20.976,-0.018110660801283547
20.984,0.005215693324834655
20.992,-0.022480635045539862
21.0,-0.0064022507086624915
21.008,-0.02751559773986848
21.016,-0.013702826528761874
21.024,-0.031605006301128745
21.032,-0.024160783531534603
21.04,0.00633298597200258
21.048,0.04052595662326699
21.056,0.12317271174694898
21.064,0.260918885719223
21.072,0.2877996333001002
21.08,66.04191135542408
21.088,-0.22719890219723712
21.096,-0.269819201938036
21.104,-0.1783024969111945
21.112,-0.05989179485393911
21.12,-0.008537026695369803
21.128,0.017216818598525745
21.136,0.034917997406569506
21.144,0.0385346231571628
21.152,0.04830737017341475
21.16,0.022515086290847065
21.168,-0.07066688617288147
21.176,0.03388069705988369
21.184,0.032936147318710626
21.192,0.023527800155725927
21.2,-0.09214664975765742
21.208,0.04533693965891549
21.216,0.03000535813785216
21.224,0.02207471757657524
21.232,0.05307884799907659
21.24,0.030701075445117597
21.248,-0.013935033071100639
21.256,0.057614567417392494
21.264,0.07066406532911049
21.272,0.23418787534140825
21.28,0.04568218157031362
21.288,0.06811328131053741
21.296,0.058149539321263544
21.304,0.08945551173835192
21.312,0.05855550005399548
21.32,0.08837750130318098
21.328,0.07389201113206893
21.336,0.08812148052425132
21.344,-0.1294976329800204
21.352,0.07596573480620707
21.36,0.06065074988163058
21.368,0.06387169147255706
21.376,-0.04191645479523318
21.384,0.03760438683088946
21.392,0.18927674524591523
21.4,0.013216144357486392
21.408,-0.009195306574544725
21.416,-0.0008005410938296317
21.424,-0.012259376883071072
21.432,0.0017023783226882494
21.44,0.09211467648362508
21.448,0.2957440897743782
21.456,-0.007607766766713205
21.464,-0.010302550182411187
21.472,-0.015011126288204113
21.48,-0.012754585991739753
21.488,-0.007889906090880753
21.496,-0.032463298921231704
21.504,-0.023095106654879096
21.512,-0.01489910057080477
21.52,-0.01308109422072298
21.528,0.021806209109777933
21.536,0.024024676693633628
21.544,0.033650731667456024
21.552,0.06882160584759324
21.56,0.05165441197448944
21.568,0.05909921127220811
21.576,0.04797711314459191
21.584,0.03775323930378614
21.592,0.02060331203496269
21.6,0.04152170608841381
21.608,0.022662762523990104
21.616,-0.10248344589866486
21.624,-0.056087364710034664
21.632,-0.04865711920363699
21.64,-0.06304734707231073
21.648,-0.06009296332636446
21.656,-0.0733942795803549
21.664,-0.07148126656771828
21.672,-0.07017683206273942
21.68,-0.050780214946654884
21.688,-0.0188964272702324
21.696,0.0414906430613154
21.704,0.11370085500713158
21.712,0.021818796560822043
21.72,-0.07875921207280732
21.728,-0.16518021626114543
21.736,-0.2738629239532313
21.744,-0.3201862384131782
21.752,-0.13752345886024786
21.76,-0.05670771046633974
21.768,-0.07853810785185086
21.776,-0.04714919301736131
21.784,-0.006607854738286864
21.792,-0.04225130475726971
21.8,-0.004232056316937759
21.808,-0.0033529132542132216
21.816,-0.012484647167417956
21.824,0.21612786261933808
21.832,-0.0012577756676745112
21.84,-0.023922345449919624
21.848,0.014708536709338532
21.856,0.009384201859233606
21.864,0.02286175694399784
21.872,0.04184623088634753
21.88,0.03792367145111312
21.888,0.015080934173120605
21.896,0.02157725091892545
21.904,0.04007421491158479
21.912,0.04968862555282611
21.92,0.05083614236762738
21.928,0.21518972049939233
21.936,0.289199620849443
21.944,0.07297202787989826
21.952,0.07836881547826621
21.96,0.07598714345777825
21.968,0.08634797197706773
21.976,0.08383671732174644
21.984,0.08766735774532283
21.992,0.07439092992687035
22.0,0.08275464443963963
22.008,0.06208742241294144
22.016,0.05532792994892623
22.024,79.23761139632816
22.032,0.04899125084289015
22.04,0.050363757896373235
22.048,0.0427998107881123
22.056,0.008612886665560706
22.064,-0.13027628162732827
22.072,0.01348547662443371
22.08,0.030528360835797002
22.088,0.020650649889928707
22.096,-0.002817951087861051
22.104,-0.0008664840637864078
22.112,0.01456481776741243
22.12,0.017268164004055876
22.128,-0.016251466145924917
22.136,0.021565521411964717
22.144,0.004002512335469045
22.152,0.01960724208918184
22.16,0.006346733284246323
22.168,-0.0056475882039541785
22.176,0.05654599856741063
22.184,0.06182722588509211
22.192,0.06704733563261348
22.2,0.03875119117287223
22.208,0.053590380234336085
22.216,0.24138316493097628
22.224,0.024703489364137195
22.232,0.05759099803817057
22.24,0.030051151470750503
22.248,0.036522473440309525
22.256,0.003652448483560059
22.264,-0.02727962472918469
22.272,-0.037416365876302836
22.28,-0.013421543376926817
22.288,-0.04453998586497712
22.296,-0.03407070304633365
22.304,-0.0576725605491746
22.312,-0.055232545108752966
22.32,-0.056440233512747635
22.328,-0.04607991114298087
22.336,0.1961508665960668
22.344,0.06874694414935117
22.352,0.13823369812868364
22.36,-0.0558172409849299
22.368,-0.1329817724513491
22.376,-0.27175820014046687
22.384,-0.3294888495286767
22.392,-0.1957537445833847
22.4,-0.06238114215090812
22.408,-0.030659798281730426
22.416,0.002059220726473899
22.424,0.020838153505551196
22.432,-0.0009218558571513391
22.44,0.23827035401445776
22.448,0.3779424766459051
22.456,0.012992816174378103
22.464,0.005599064136759512
22.472,0.001503907271979685
22.48,-0.0033794637816009013
22.488,0.020151716801487446
22.496,0.1887759352095458
22.504,0.02954449213915225
22.512,0.04250980037135296
22.52,0.04036738420476498
22.528,0.03438939434641008
22.536,0.05837133563290567
22.544,0.04760437209517231
22.552,0.06650980686000783
22.56,0.05051251448390078
22.568,0.05880192700170133
22.576,0.05904708024494078
22.584,0.15121741294449517
22.592,-0.10658135736778714
22.6,0.07003800223792836
22.608,0.08128684926017152
22.616,0.26229851191493886
22.624,0.08638788482003674
22.632,0.09598519151264717
22.64,-0.15933024369883686
22.648,0.07598567385467053
22.656,0.046002987328346644
22.664,0.18817744564215164
22.672,0.03717154775314301
22.68,0.046007917799552364
22.688,0.03508237391154996
22.696,0.019985309142621463
22.704,0.020034282849704432
22.712,0.028635105324934317
22.72,-0.003838176616086982
22.728,-0.0029531334523372936
22.736,-0.05837447274222407
22.744,-0.2732718068964668
22.752,-0.006612270799523531
22.76,95.08190668066752
22.768,0.004931003798640729
22.776,-0.0083297578303748
22.784,0.010973871618180461
22.792,0.020605469534435636
22.8,0.017021206998916866
22.808,0.01677546929354124
22.816,0.028178922087605286
22.824,0.03574158064051379
22.832,-0.13019782334394955
22.84,0.06689246423960576
22.848,0.08573314395237717
22.856,0.061791092144921324
22.864,0.2848233347209301
22.872,0.029663913479481524
22.88,0.05280223089239448
22.888,0.03626989404693717
22.896,0.23349230114913574
22.904,-0.023294663632361996
22.912,-0.03984484805669516
22.92,-0.049099997132014725
22.928,-0.037703209693753445
22.936,-0.03863356799186349
22.944,-0.05726960713423172
22.952,-0.019432121718326662
22.96,0.07712541108688932
22.968,-0.04191400877078652
22.976,-0.008881418057093134
22.984,0.04604153860305745
22.992,0.12106445281502642
23.0,0.022001303562118962
23.008,-0.1273249773827104
23.016,-0.19283022340843292
23.024,-0.29929159919012605
23.032,-0.31696969639943495
23.04,-0.3227815729036119
23.048,-0.06562918457991185
23.056,-0.016941755960799387
23.064,0.0030614676170830166
23.072,0.161429994381111
23.08,-0.0034703915318285306
23.088,-0.0003600868901710271
23.096,-0.0035417969949670287
23.104,-0.2338379738498368
23.112,0.03090095811548857
23.12,0.018902704586852847
23.128,0.010419089446869836
23.136,0.04654811115930471
23.144,0.017914146353489438
23.152,0.012482835991601129
23.16,0.05148448936626371
23.168,0.04160073332347485
23.176,0.004305689711400079
23.184,0.05006129510618194
23.192,0.05752262120406402
23.2,0.06169200676194639
23.208,0.053550692253640904
23.216,0.08263994013893641
23.224,0.058789590047986895
23.232,0.024274653888216802
23.24,0.08251328285369457
23.248,0.08779209274663388
23.256,-0.024858351714880336
23.264,0.11502873862683115
23.272,0.08576089437871214
23.28,0.08559486606561789
23.288,0.06620184726653432
23.296,0.08003857271633821
23.304,0.05695834114087635
23.312,0.055304058159635204
23.32,0.049119079048117936
23.328,0.01782144452678069
23.336,0.023918320143598546
23.344,0.028322347006310637
23.352,0.00786457515305878
23.36,0.011092144094832786
23.368,0.015527044033311052
23.376,0.0019004651624868595
23.384,0.01299291772318449
23.392,-0.004465885262728371
23.4,0.019976492506330563
23.408,0.02055692545070101
23.416,0.000423347099023131
23.424,-0.16983756167493752
23.432,0.004169004578327116
23.44,0.0014981037826892623
23.448,0.033214536558687544
23.456,0.011981230009876727
23.464,0.20556910632223455
23.472,0.034642974589721175
23.48,0.07148124120577729
23.488,0.07104362947241223
23.496,-0.14579358408510412
23.504,0.06520696524015565
23.512,-0.03413448471751287
23.52,0.04135963941190965
23.528,0.0721463864874297
23.536,0.061461562113405754
23.544,0.023717160909005185
23.552,-0.02195825664631028
23.56,-0.043676952602023075
23.568,-0.03178100289541612
23.576,114.08928503752844
23.584,114.02683585565799
23.592,-0.053164830589910735
23.6,-0.2517287735579559
23.608,-0.051684057317551636
23.616,-0.02722802058938319
23.624,-0.011120750046131894
23.632,0.0609995625885194
23.64,0.11102497157061368
23.648,-0.009481869176524094
23.656,-0.16774486628385618
23.664,-0.2213383125129392
23.672,-0.1877233592892491
23.68,-0.3522613093078697
23.688,-0.0559273197169231
23.696,-0.020191735057711928
23.704,-0.01990750567306657
23.712,-0.005950065539444271
23.72,-0.009298268428315153
23.728,-0.24548920352840656
23.736,0.0017404075755920708
23.744,0.005686838390607562
23.752,0.013462084419453027
23.76,0.02356194479732988
23.768,0.02252906533486956
23.776,0.010723860898210903
23.784,0.020511362114919433
23.792,0.04095896173068559
23.8,0.04820634842145151
23.808,0.03450987538089244
23.816,0.03136071085746384
23.824,0.025957797515612613
23.832,0.05661090657594488
23.84,0.05129258267826237
23.848,0.059426652324438785
23.856,0.07454259110070632
23.864,0.08194907047482568
23.872,0.09251556127751405
23.88,-0.06892131957961187
23.888,0.06220930612547604
23.896,0.0882503702982305
23.904,-0.03749262259149877
23.912,0.088405317761178
23.92,0.0656580373428455
23.928,0.07284011901630735
23.936,0.06346609300775602
23.944,0.056396479027700744
23.952,0.07818611370865183
23.96,0.05003340958050997
23.968,0.03051746722053089
23.976,0.0353924720702122
23.984,0.016407893512035875
23.992,0.043274104611926156
24.0,0.0191869747902325
