0,-0.46,0.13
0.003,-0.46,0.13
0.006,-0.46,0.13
0.008,-0.46,0.13
0.011,-0.46,0.13
0.014,-0.46,0.13
0.017,-0.46,0.13
0.019,-0.46,0.13
0.022,-0.455,0.13
0.025,-0.455,0.14
0.028,-0.44,0.14
0.031,-0.435,0.145
0.033,-0.43,0.125
0.036,-0.445,0.12
0.039,-0.44,0.115
0.042,-0.435,0.13
0.044,-0.425,0.14
0.047,-0.415,0.145
0.05,-0.43,0.14
0.053,-0.435,0.125
0.056,-0.47,0.12
0.058,-0.455,0.13
0.061,-0.415,0.135
0.064,-0.425,0.13
0.067,-0.44,0.115
0.069,-0.445,0.11
0.072,-0.435,0.11
0.075,-0.435,0.14
0.078,-0.425,0.15
0.081,-0.42,0.14
0.083,-0.43,0.125
0.086,-0.44,0.125
0.089,-0.46,0.125
0.092,-0.435,0.125
0.094,-0.435,0.145
0.097,-0.415,0.14
0.1,-0.425,0.135
0.103,-0.435,0.12
0.106,-0.435,0.12
0.108,-0.435,0.13
0.111,-0.415,0.14
0.114,-0.41,0.14
0.117,-0.43,0.11
0.119,-0.435,0.11
0.122,-0.45,0.11
0.125,-0.43,0.115
0.128,-0.405,0.12
0.131,-0.41,0.125
0.133,-0.415,0.12
0.136,-0.425,0.105
0.139,-0.44,0.11
0.142,-0.43,0.115
0.144,-0.415,0.13
0.147,-0.415,0.125
0.15,-0.415,0.115
0.153,-0.435,0.1
0.156,-0.435,0.105
0.158,-0.43,0.115
0.161,-0.415,0.135
0.164,-0.405,0.125
0.167,-0.41,0.11
0.169,-0.44,0.11
0.172,-0.44,0.105
0.175,-0.425,0.115
0.178,-0.41,0.125
0.181,-0.41,0.125
0.183,-0.415,0.11
0.186,-0.425,0.085
0.189,-0.435,0.095
0.192,-0.43,0.105
0.194,-0.42,0.125
0.197,-0.4,0.12
0.2,-0.41,0.11
0.203,-0.425,0.09
0.206,-0.43,0.1
0.208,-0.43,0.11
0.211,-0.41,0.125
0.214,-0.405,0.11
0.217,-0.405,0.105
0.219,-0.415,0.1
0.222,-0.43,0.095
0.225,-0.435,0.11
0.228,-0.425,0.135
0.231,-0.395,0.125
0.233,-0.4,0.105
0.236,-0.405,0.1
0.239,-0.415,0.105
0.242,-0.41,0.115
0.244,-0.405,0.12
0.247,-0.395,0.13
0.25,-0.405,0.1
0.253,-0.415,0.1
0.256,-0.415,0.095
0.258,-0.415,0.11
0.261,-0.395,0.125
0.264,-0.395,0.115
0.267,-0.39,0.1
0.269,-0.4,0.095
0.272,-0.405,0.1
0.275,-0.4,0.11
0.278,-0.4,0.13
0.281,-0.385,0.13
0.283,-0.385,0.12
0.286,-0.405,0.115
0.289,-0.4,0.115
0.292,-0.385,0.135
0.294,-0.37,0.15
0.297,-0.345,0.16
0.3,-0.355,0.135
0.303,-0.355,0.13
0.306,-0.355,0.125
0.308,-0.34,0.145
0.311,-0.32,0.145
0.314,-0.295,0.14
0.317,-0.305,0.115
0.319,-0.32,0.085
0.322,-0.32,0.085
0.325,-0.31,0.095
0.328,-0.28,0.095
0.331,-0.275,0.08
0.333,-0.285,0.075
0.336,-0.3,0.07
0.339,-0.305,0.075
0.342,-0.305,0.09
0.344,-0.29,0.095
0.347,-0.275,0.1
0.35,-0.285,0.09
0.353,-0.305,0.075
0.356,-0.325,0.09
0.358,-0.32,0.105
0.361,-0.335,0.105
0.364,-0.335,0.095
0.367,-0.36,0.08
0.369,-0.365,0.07
0.372,-0.365,0.07
0.375,-0.36,0.09
0.378,-0.35,0.105
0.381,-0.355,0.09
0.383,-0.37,0.085
0.386,-0.355,0.075
0.389,-0.37,0.08
0.392,-0.355,0.1
0.394,-0.355,0.115
0.397,-0.355,0.11
0.4,-0.35,0.09
0.403,-0.355,0.08
0.406,-0.36,0.08
0.408,-0.36,0.095
0.411,-0.35,0.125
0.414,-0.335,0.115
0.417,-0.33,0.095
0.419,-0.335,0.09
0.422,-0.345,0.11
0.425,-0.33,0.145
0.428,-0.31,0.175
0.431,-0.31,0.21
0.433,-0.305,0.25
0.436,-0.335,0.275
0.439,-0.375,0.27
0.442,-0.4,0.29
0.444,-0.415,0.28
0.447,-0.42,0.225
0.45,-0.39,0.145
0.453,-0.35,0.035
0.456,-0.2,-0.075
0.458,0.09,-0.17
0.461,0.49,-0.23
0.464,0.96,-0.295
0.467,1.39,-0.295
0.469,1.755,-0.265
0.472,1.99,-0.185
0.475,2.09,-0.065
0.478,2.05,-0.005
0.481,1.72,0.04
0.483,1.08,0.03
0.486,0.44,0.005
0.489,-0.2,0.015
0.492,-0.64,0.05
0.494,-0.595,0.085
0.497,-0.49,0.105
0.5,-0.46,0.1
0.503,-0.495,0.09
0.506,-0.515,0.085
0.508,-0.5,0.1
0.511,-0.465,0.105
0.514,-0.44,0.125
0.517,-0.43,0.115
0.519,-0.375,0.105
0.522,-0.345,0.11
0.525,-0.305,0.13
0.528,-0.29,0.14
0.531,-0.25,0.13
0.533,-0.25,0.115
0.536,-0.27,0.11
0.539,-0.285,0.11
0.542,-0.28,0.12
0.544,-0.255,0.12
0.547,-0.235,0.12
0.55,-0.255,0.11
0.553,-0.26,0.1
0.556,-0.255,0.105
0.558,-0.25,0.125
0.561,-0.245,0.135
0.564,-0.23,0.13
0.567,-0.23,0.11
0.569,-0.25,0.115
0.572,-0.26,0.115
0.575,-0.25,0.12
0.578,-0.225,0.13
0.581,-0.215,0.13
0.583,-0.22,0.125
0.586,-0.24,0.1
0.589,-0.235,0.105
0.592,-0.235,0.11
0.594,-0.21,0.13
0.597,-0.195,0.11
0.6,-0.2,0.105
0.603,-0.215,0.1
0.606,-0.215,0.11
0.608,-0.21,0.115
0.611,-0.195,0.125
0.614,-0.195,0.115
0.617,-0.21,0.11
0.619,-0.22,0.105
0.622,-0.215,0.105
0.625,-0.195,0.115
0.628,-0.175,0.13
0.631,-0.165,0.12
0.633,-0.185,0.105
0.636,-0.19,0.115
0.639,-0.195,0.105
0.642,-0.195,0.105
0.644,-0.175,0.13
0.647,-0.17,0.13
0.65,-0.16,0.11
0.653,-0.17,0.095
0.656,-0.19,0.105
0.658,-0.175,0.125
0.661,-0.15,0.14
0.664,-0.135,0.125
0.667,-0.14,0.115
0.669,-0.135,0.11
0.672,-0.145,0.11
0.675,-0.13,0.115
0.678,-0.115,0.13
0.681,-0.105,0.115
0.683,-0.1,0.115
0.686,-0.1,0.105
0.689,-0.115,0.105
0.692,-0.095,0.115
0.694,-0.06,0.135
0.697,-0.05,0.115
0.7,-0.055,0.115
0.703,-0.05,0.09
0.706,-0.05,0.095
0.708,-0.03,0.12
0.711,-0.01,0.11
0.714,0,0.13
0.717,0.015,0.11
0.719,-0.005,0.095
0.722,0.025,0.095
0.725,0.035,0.105
0.728,0.06,0.1
0.731,0.085,0.1
0.733,0.105,0.095
0.736,0.1,0.08
0.739,0.11,0.09
0.742,0.13,0.105
0.744,0.17,0.105
0.747,0.205,0.11
0.75,0.215,0.09
0.753,0.235,0.085
0.756,0.25,0.09
0.758,0.285,0.095
0.761,0.305,0.11
0.764,0.345,0.105
0.767,0.36,0.09
0.769,0.38,0.07
0.772,0.395,0.075
0.775,0.435,0.09
0.778,0.46,0.095
0.781,0.495,0.085
0.783,0.515,0.085
0.786,0.535,0.065
0.789,0.54,0.07
0.792,0.58,0.07
0.794,0.625,0.08
0.797,0.655,0.07
0.8,0.67,0.05
0.803,0.69,0.055
0.806,0.7,0.06
0.808,0.73,0.08
0.811,0.75,0.08
0.814,0.785,0.085
0.817,0.805,0.07
0.819,0.8,0.07
0.822,0.795,0.06
0.825,0.805,0.09
0.828,0.81,0.095
0.831,0.79,0.095
0.833,0.76,0.095
0.836,0.72,0.075
0.839,0.675,0.085
0.842,0.63,0.09
0.844,0.58,0.11
0.847,0.55,0.105
0.85,0.48,0.11
0.853,0.42,0.095
0.856,0.335,0.105
0.858,0.285,0.12
0.861,0.23,0.13
0.864,0.17,0.135
0.867,0.105,0.11
0.869,0.04,0.1
0.872,-0.04,0.095
0.875,-0.075,0.105
0.878,-0.1,0.115
0.881,-0.135,0.105
0.883,-0.18,0.115
0.886,-0.23,0.105
0.889,-0.26,0.1
0.892,-0.275,0.115
0.894,-0.28,0.12
0.897,-0.27,0.115
0.9,-0.295,0.105
0.903,-0.325,0.095
0.906,-0.355,0.095
0.908,-0.35,0.105
0.911,-0.35,0.115
0.914,-0.35,0.12
0.917,-0.37,0.115
0.919,-0.39,0.095
0.922,-0.395,0.1
0.925,-0.39,0.11
0.928,-0.38,0.11
0.931,-0.385,0.12
0.933,-0.38,0.1
0.936,-0.41,0.11
0.939,-0.41,0.1
0.942,-0.415,0.13
0.944,-0.41,0.125
0.947,-0.39,0.115
0.95,-0.395,0.12
0.953,-0.41,0.1
0.956,-0.425,0.105
0.958,-0.415,0.12
0.961,-0.4,0.135
0.964,-0.385,0.12
0.967,-0.395,0.12
0.969,-0.41,0.11
0.972,-0.42,0.095
0.975,-0.405,0.115
0.978,-0.4,0.135
0.981,-0.39,0.13
0.983,-0.4,0.115
0.986,-0.405,0.105
0.989,-0.425,0.115
0.992,-0.43,0.12
0.994,-0.395,0.14
0.997,-0.395,0.135
1,-0.4,0.12
1.003,-0.425,0.115
1.006,-0.42,0.11
1.008,-0.425,0.13
1.011,-0.4,0.145
1.014,-0.395,0.13
1.017,-0.395,0.13
1.019,-0.405,0.12
1.022,-0.42,0.12
1.025,-0.42,0.135
1.028,-0.42,0.15
1.031,-0.405,0.13
1.033,-0.41,0.125
1.036,-0.41,0.115
1.039,-0.43,0.115
1.042,-0.42,0.135
1.044,-0.405,0.14
1.047,-0.4,0.14
1.05,-0.42,0.125
1.053,-0.425,0.12
1.056,-0.435,0.13
1.058,-0.43,0.14
1.061,-0.42,0.135
1.064,-0.4,0.15
1.067,-0.41,0.14
1.069,-0.44,0.13
1.072,-0.44,0.13
1.075,-0.43,0.145
1.078,-0.42,0.15
1.081,-0.43,0.15
1.083,-0.44,0.14
1.086,-0.455,0.12
1.089,-0.455,0.125
1.092,-0.455,0.135
1.094,-0.435,0.155
1.097,-0.425,0.15
1.1,-0.44,0.13
1.103,-0.455,0.125
1.106,-0.465,0.135
1.108,-0.455,0.15
1.111,-0.445,0.165
1.114,-0.43,0.155
1.117,-0.455,0.135
1.119,-0.47,0.13
1.122,-0.47,0.14
1.125,-0.465,0.155
1.128,-0.46,0.16
1.131,-0.45,0.15
1.133,-0.46,0.145
1.136,-0.455,0.14
1.139,-0.465,0.135
1.142,-0.46,0.155
1.144,-0.46,0.175
1.147,-0.45,0.165
1.15,-0.455,0.155
1.153,-0.47,0.15
1.156,-0.48,0.145
1.158,-0.48,0.16
1.161,-0.46,0.165
1.164,-0.45,0.175
1.167,-0.45,0.155
1.169,-0.465,0.15
1.172,-0.47,0.155
1.175,-0.47,0.175
1.178,-0.455,0.185
1.181,-0.44,0.19
1.183,-0.45,0.165
1.186,-0.46,0.155
1.189,-0.47,0.16
1.192,-0.46,0.17
1.194,-0.455,0.175
1.197,-0.46,0.175
1.2,-0.45,0.18
1.203,-0.465,0.155
1.206,-0.48,0.17
1.208,-0.465,0.185
1.211,-0.445,0.195
1.214,-0.445,0.195
1.217,-0.455,0.185
1.219,-0.475,0.17
1.222,-0.465,0.185
1.225,-0.47,0.195
1.228,-0.445,0.21
1.231,-0.45,0.195
1.233,-0.455,0.19
1.236,-0.465,0.19
1.239,-0.475,0.185
1.242,-0.45,0.21
1.244,-0.455,0.215
1.247,-0.435,0.21
1.25,-0.455,0.205
1.253,-0.475,0.2
1.256,-0.47,0.215
1.258,-0.46,0.21
1.261,-0.46,0.23
1.264,-0.45,0.225
1.267,-0.44,0.22
1.269,-0.47,0.21
1.272,-0.45,0.205
1.275,-0.455,0.225
1.278,-0.435,0.24
1.281,-0.43,0.24
1.283,-0.43,0.23
1.286,-0.445,0.215
1.289,-0.445,0.23
1.292,-0.455,0.23
1.294,-0.43,0.25
1.297,-0.42,0.255
1.3,-0.425,0.24
1.303,-0.45,0.22
1.306,-0.445,0.23
1.308,-0.445,0.25
1.311,-0.425,0.255
1.314,-0.425,0.265
1.317,-0.445,0.245
1.319,-0.43,0.235
1.322,-0.46,0.25
1.325,-0.435,0.26
1.328,-0.44,0.27
1.331,-0.43,0.27
1.333,-0.435,0.255
1.336,-0.445,0.245
1.339,-0.445,0.265
1.342,-0.435,0.26
1.344,-0.435,0.28
1.347,-0.43,0.275
1.35,-0.425,0.265
1.353,-0.45,0.26
1.356,-0.445,0.26
1.358,-0.43,0.28
1.361,-0.425,0.285
1.364,-0.42,0.29
1.367,-0.425,0.28
1.369,-0.435,0.27
1.372,-0.435,0.27
1.375,-0.435,0.29
1.378,-0.42,0.3
1.381,-0.405,0.3
1.383,-0.425,0.295
1.386,-0.435,0.28
1.389,-0.44,0.275
1.392,-0.425,0.3
1.394,-0.41,0.315
1.397,-0.4,0.295
1.4,-0.4,0.3
1.403,-0.415,0.285
1.406,-0.425,0.31
1.408,-0.42,0.315
1.411,-0.405,0.325
1.414,-0.4,0.325
1.417,-0.415,0.325
1.419,-0.415,0.31
1.422,-0.42,0.315
1.425,-0.42,0.315
1.428,-0.405,0.345
1.431,-0.39,0.35
1.433,-0.405,0.345
1.436,-0.415,0.35
1.439,-0.405,0.355
1.442,-0.405,0.38
1.444,-0.38,0.39
1.447,-0.36,0.39
1.45,-0.355,0.37
1.453,-0.36,0.355
1.456,-0.36,0.355
1.458,-0.335,0.365
1.461,-0.335,0.375
1.464,-0.325,0.36
1.467,-0.325,0.345
1.469,-0.32,0.315
1.472,-0.315,0.32
1.475,-0.31,0.325
1.478,-0.305,0.345
1.481,-0.305,0.35
1.483,-0.305,0.345
1.486,-0.325,0.345
1.489,-0.345,0.355
1.492,-0.33,0.365
1.494,-0.31,0.38
1.497,-0.315,0.37
1.5,-0.33,0.365
1.503,-0.35,0.37
1.506,-0.375,0.385
1.508,-0.37,0.39
1.511,-0.375,0.39
1.514,-0.37,0.38
1.517,-0.365,0.365
1.519,-0.375,0.375
1.522,-0.395,0.37
1.525,-0.385,0.385
1.528,-0.37,0.41
1.531,-0.35,0.4
1.533,-0.365,0.385
1.536,-0.375,0.395
1.539,-0.385,0.395
1.542,-0.36,0.405
1.544,-0.365,0.415
1.547,-0.36,0.405
1.55,-0.35,0.405
1.553,-0.365,0.4
1.556,-0.365,0.41
1.558,-0.355,0.43
1.561,-0.345,0.44
1.564,-0.33,0.445
1.567,-0.325,0.45
1.569,-0.335,0.46
1.572,-0.335,0.49
1.575,-0.325,0.535
1.578,-0.33,0.595
1.581,-0.325,0.625
1.583,-0.355,0.64
1.586,-0.395,0.64
1.589,-0.435,0.625
1.592,-0.455,0.595
1.594,-0.43,0.54
1.597,-0.36,0.44
1.6,-0.24,0.33
1.603,0,0.21
1.606,0.36,0.115
1.608,0.85,0.06
1.611,1.34,0.07
1.614,1.73,0.105
1.617,2,0.18
1.619,2.11,0.265
1.622,2.015,0.35
1.625,1.705,0.415
1.628,1.065,0.43
1.631,0.425,0.415
1.633,-0.215,0.405
1.636,-0.66,0.44
1.639,-0.605,0.47
1.642,-0.495,0.5
1.644,-0.45,0.53
1.647,-0.465,0.52
1.65,-0.5,0.5
1.653,-0.495,0.505
1.656,-0.48,0.51
1.658,-0.44,0.54
1.661,-0.38,0.55
1.664,-0.315,0.55
1.667,-0.285,0.53
1.669,-0.27,0.535
1.672,-0.265,0.53
1.675,-0.26,0.545
1.678,-0.24,0.565
1.681,-0.24,0.56
1.683,-0.235,0.55
1.686,-0.27,0.55
1.689,-0.255,0.56
1.692,-0.255,0.56
1.694,-0.24,0.58
1.697,-0.225,0.57
1.7,-0.22,0.56
1.703,-0.235,0.55
1.706,-0.235,0.55
1.708,-0.23,0.58
1.711,-0.205,0.585
1.714,-0.21,0.58
1.717,-0.2,0.57
1.719,-0.215,0.565
1.722,-0.23,0.57
1.725,-0.215,0.58
1.728,-0.2,0.595
1.731,-0.2,0.59
1.733,-0.2,0.585
1.736,-0.21,0.57
1.739,-0.19,0.59
1.742,-0.19,0.59
1.744,-0.185,0.625
1.747,-0.17,0.605
1.75,-0.16,0.59
1.753,-0.175,0.59
1.756,-0.18,0.575
1.758,-0.155,0.6
1.761,-0.145,0.62
1.764,-0.14,0.61
1.767,-0.14,0.615
1.769,-0.165,0.6
1.772,-0.15,0.605
1.775,-0.165,0.615
1.778,-0.14,0.625
1.781,-0.13,0.63
1.783,-0.125,0.605
1.786,-0.14,0.605
1.789,-0.145,0.615
1.792,-0.135,0.63
1.794,-0.13,0.645
1.797,-0.11,0.635
1.8,-0.11,0.605
1.803,-0.105,0.6
1.806,-0.1,0.605
1.808,-0.1,0.63
1.811,-0.07,0.64
1.814,-0.05,0.635
1.817,-0.045,0.625
1.819,-0.055,0.615
1.822,-0.06,0.62
1.825,-0.035,0.645
1.828,-0.02,0.655
1.831,0.005,0.655
1.833,0.01,0.635
1.836,0.005,0.625
1.839,0.005,0.635
1.842,0.015,0.65
1.844,0.055,0.665
1.847,0.055,0.65
1.85,0.075,0.64
1.853,0.08,0.62
1.856,0.09,0.635
1.858,0.12,0.655
1.861,0.135,0.66
1.864,0.175,0.65
1.867,0.185,0.645
1.869,0.19,0.63
1.872,0.19,0.64
1.875,0.21,0.655
1.878,0.255,0.65
1.881,0.275,0.65
1.883,0.31,0.64
1.886,0.315,0.64
1.889,0.34,0.625
1.892,0.37,0.645
1.894,0.415,0.66
1.897,0.45,0.655
1.9,0.475,0.645
1.903,0.505,0.635
1.906,0.525,0.64
1.908,0.55,0.65
1.911,0.605,0.655
1.914,0.64,0.645
1.917,0.665,0.64
1.919,0.68,0.63
1.922,0.69,0.635
1.925,0.72,0.65
1.928,0.77,0.65
1.931,0.795,0.655
1.933,0.805,0.645
1.936,0.825,0.64
1.939,0.84,0.635
1.942,0.855,0.65
1.944,0.88,0.675
1.947,0.895,0.675
1.95,0.86,0.67
1.953,0.835,0.665
1.956,0.82,0.665
1.958,0.79,0.675
1.961,0.76,0.69
1.964,0.725,0.705
1.967,0.665,0.69
1.969,0.595,0.68
1.972,0.515,0.695
1.975,0.455,0.7
1.978,0.395,0.71
1.981,0.34,0.7
1.983,0.28,0.7
1.986,0.205,0.69
1.989,0.125,0.695
1.992,0.085,0.705
1.994,0.05,0.715
1.997,0.005,0.725
2,-0.065,0.71
2.003,-0.105,0.705
2.006,-0.135,0.695
2.008,-0.155,0.72
2.011,-0.17,0.72
2.014,-0.175,0.72
2.017,-0.21,0.715
2.019,-0.24,0.705
2.022,-0.255,0.71
2.025,-0.255,0.72
2.028,-0.255,0.735
2.031,-0.265,0.725
2.033,-0.28,0.72
2.036,-0.3,0.695
2.039,-0.305,0.71
2.042,-0.29,0.725
2.044,-0.285,0.72
2.047,-0.29,0.725
2.05,-0.305,0.72
2.053,-0.305,0.725
2.056,-0.335,0.71
2.058,-0.32,0.715
2.061,-0.305,0.74
2.064,-0.3,0.73
2.067,-0.29,0.72
2.069,-0.315,0.715
2.072,-0.315,0.715
2.075,-0.315,0.72
2.078,-0.305,0.745
2.081,-0.295,0.73
2.083,-0.305,0.71
2.086,-0.31,0.71
2.089,-0.315,0.725
2.092,-0.31,0.73
2.094,-0.295,0.755
2.097,-0.29,0.755
2.1,-0.3,0.725
2.103,-0.305,0.715
2.106,-0.305,0.72
2.108,-0.31,0.73
2.111,-0.29,0.74
2.114,-0.275,0.74
2.117,-0.29,0.72
2.119,-0.305,0.72
2.122,-0.31,0.73
2.125,-0.29,0.73
2.128,-0.27,0.76
2.131,-0.275,0.745
2.133,-0.285,0.73
2.136,-0.295,0.73
2.139,-0.305,0.71
2.142,-0.29,0.75
2.144,-0.28,0.76
2.147,-0.275,0.755
2.15,-0.28,0.735
2.153,-0.305,0.725
2.156,-0.305,0.72
2.158,-0.29,0.725
2.161,-0.3,0.74
2.164,-0.28,0.745
2.167,-0.285,0.735
2.169,-0.295,0.725
2.172,-0.3,0.725
2.175,-0.29,0.72
2.178,-0.29,0.735
2.181,-0.27,0.72
2.183,-0.295,0.715
2.186,-0.31,0.705
2.189,-0.32,0.71
2.192,-0.31,0.725
2.194,-0.295,0.745
2.197,-0.275,0.745
2.2,-0.29,0.735
2.203,-0.3,0.725
2.206,-0.325,0.72
2.208,-0.31,0.72
2.211,-0.305,0.74
2.214,-0.295,0.725
2.217,-0.295,0.72
2.219,-0.31,0.7
2.222,-0.315,0.72
2.225,-0.315,0.725
2.228,-0.295,0.735
2.231,-0.29,0.715
2.233,-0.295,0.72
2.236,-0.31,0.715
2.239,-0.32,0.715
2.242,-0.325,0.725
2.244,-0.3,0.73
2.247,-0.3,0.73
2.25,-0.3,0.72
2.253,-0.31,0.705
2.256,-0.32,0.715
2.258,-0.305,0.72
2.261,-0.305,0.73
2.264,-0.295,0.715
2.267,-0.295,0.715
2.269,-0.305,0.7
2.272,-0.31,0.715
2.275,-0.31,0.71
2.278,-0.305,0.73
2.281,-0.3,0.725
2.283,-0.295,0.71
2.286,-0.305,0.695
2.289,-0.305,0.695
2.292,-0.3,0.715
2.294,-0.28,0.72
2.297,-0.28,0.725
2.3,-0.285,0.705
2.303,-0.295,0.695
2.306,-0.295,0.695
2.308,-0.3,0.7
2.311,-0.275,0.72
2.314,-0.295,0.715
2.317,-0.28,0.695
2.319,-0.3,0.69
2.322,-0.305,0.69
2.325,-0.295,0.7
2.328,-0.275,0.715
2.331,-0.28,0.705
2.333,-0.265,0.69
2.336,-0.285,0.685
2.339,-0.305,0.685
2.342,-0.29,0.71
2.344,-0.285,0.715
2.347,-0.26,0.715
2.35,-0.275,0.695
2.353,-0.28,0.69
2.356,-0.285,0.685
2.358,-0.275,0.69
2.361,-0.265,0.705
2.364,-0.27,0.7
2.367,-0.27,0.7
2.369,-0.295,0.685
2.372,-0.29,0.68
2.375,-0.295,0.695
2.378,-0.265,0.705
2.381,-0.255,0.685
2.383,-0.255,0.675
2.386,-0.285,0.665
2.389,-0.285,0.665
2.392,-0.285,0.685
2.394,-0.26,0.69
2.397,-0.255,0.69
2.4,-0.255,0.68
2.403,-0.27,0.675
2.406,-0.285,0.665
2.408,-0.27,0.675
2.411,-0.25,0.695
2.414,-0.26,0.685
2.417,-0.255,0.68
2.419,-0.27,0.67
2.422,-0.285,0.67
2.425,-0.265,0.67
2.428,-0.25,0.7
2.431,-0.24,0.675
2.433,-0.245,0.68
2.436,-0.27,0.665
2.439,-0.265,0.67
2.442,-0.255,0.67
2.444,-0.24,0.695
2.447,-0.23,0.68
2.45,-0.235,0.66
2.453,-0.255,0.655
2.456,-0.27,0.655
2.458,-0.255,0.675
2.461,-0.25,0.675
2.464,-0.22,0.68
2.467,-0.235,0.655
2.469,-0.265,0.65
2.472,-0.25,0.66
2.475,-0.26,0.66
2.478,-0.24,0.67
2.481,-0.225,0.665
2.483,-0.225,0.65
2.486,-0.235,0.66
2.489,-0.24,0.66
2.492,-0.235,0.65
2.494,-0.23,0.67
2.497,-0.225,0.655
2.5,-0.225,0.65
2.503,-0.24,0.635
2.506,-0.245,0.64
2.508,-0.235,0.65
2.511,-0.22,0.675
2.514,-0.215,0.66
2.517,-0.22,0.65
2.519,-0.22,0.66
2.522,-0.225,0.66
2.525,-0.22,0.695
2.528,-0.195,0.695
2.531,-0.175,0.675
2.533,-0.175,0.67
2.536,-0.18,0.64
2.539,-0.18,0.635
2.542,-0.175,0.65
2.544,-0.17,0.645
2.547,-0.15,0.635
2.55,-0.15,0.615
2.553,-0.14,0.595
2.556,-0.145,0.6
2.558,-0.15,0.625
2.561,-0.13,0.625
2.564,-0.13,0.63
2.567,-0.135,0.61
2.569,-0.135,0.61
2.572,-0.15,0.595
2.575,-0.15,0.62
2.578,-0.155,0.62
2.581,-0.155,0.62
2.583,-0.17,0.6
2.586,-0.195,0.58
2.589,-0.215,0.6
2.592,-0.21,0.61
2.594,-0.185,0.615
2.597,-0.18,0.61
2.6,-0.195,0.61
2.603,-0.21,0.59
2.606,-0.22,0.595
2.608,-0.21,0.615
2.611,-0.18,0.62
2.614,-0.17,0.61
2.617,-0.185,0.6
2.619,-0.205,0.59
2.622,-0.205,0.595
2.625,-0.2,0.61
2.628,-0.18,0.615
2.631,-0.175,0.62
2.633,-0.18,0.615
2.636,-0.185,0.595
2.639,-0.18,0.61
2.642,-0.16,0.655
2.644,-0.14,0.72
2.647,-0.145,0.745
2.65,-0.16,0.76
2.653,-0.225,0.765
2.656,-0.26,0.755
2.658,-0.295,0.74
2.661,-0.29,0.705
2.664,-0.26,0.61
2.667,-0.165,0.505
2.669,0.03,0.385
2.672,0.39,0.29
2.675,0.875,0.225
2.678,1.385,0.215
2.681,1.795,0.26
2.683,2.05,0.345
2.686,2.11,0.455
2.689,1.91,0.525
2.692,1.39,0.575
2.694,0.75,0.565
2.697,0.11,0.56
2.7,-0.53,0.56
2.703,-0.49,0.57
2.706,-0.37,0.585
2.708,-0.33,0.595
2.711,-0.32,0.61
2.714,-0.34,0.595
2.717,-0.34,0.585
2.719,-0.33,0.58
2.722,-0.305,0.58
2.725,-0.24,0.6
2.728,-0.16,0.61
2.731,-0.12,0.6
2.733,-0.1,0.595
2.736,-0.105,0.57
2.739,-0.12,0.58
2.742,-0.105,0.59
2.744,-0.095,0.595
2.747,-0.075,0.6
2.75,-0.085,0.57
2.753,-0.1,0.57
2.756,-0.1,0.575
2.758,-0.105,0.575
2.761,-0.07,0.59
2.764,-0.065,0.58
2.767,-0.06,0.58
2.769,-0.08,0.565
2.772,-0.095,0.565
2.775,-0.055,0.595
2.778,-0.04,0.575
2.781,-0.04,0.565
2.783,-0.055,0.545
2.786,-0.06,0.56
2.789,-0.06,0.58
2.792,-0.04,0.58
2.794,-0.03,0.58
2.797,-0.03,0.56
2.8,-0.04,0.54
2.803,-0.065,0.54
2.806,-0.04,0.55
2.808,-0.025,0.56
2.811,-0.025,0.55
2.814,-0.015,0.55
2.817,-0.02,0.55
2.819,-0.025,0.55
2.822,-0.01,0.56
2.825,0,0.57
2.828,0.02,0.565
2.831,0.005,0.54
2.833,0,0.535
2.836,0.005,0.535
2.839,0.015,0.54
2.842,0.03,0.555
2.844,0.045,0.55
2.847,0.06,0.54
2.85,0.035,0.525
2.853,0.02,0.52
2.856,0.035,0.545
2.858,0.055,0.54
2.861,0.06,0.53
2.864,0.05,0.515
2.867,0.055,0.515
2.869,0.06,0.525
2.872,0.075,0.53
2.875,0.09,0.54
2.878,0.1,0.52
2.881,0.105,0.505
2.883,0.105,0.505
2.886,0.1,0.51
2.889,0.115,0.52
2.892,0.15,0.52
2.894,0.16,0.515
2.897,0.165,0.495
2.9,0.17,0.495
2.903,0.17,0.49
2.906,0.18,0.495
2.908,0.21,0.5
2.911,0.23,0.5
2.914,0.255,0.475
2.917,0.25,0.47
2.919,0.25,0.47
2.922,0.27,0.49
2.925,0.3,0.5
2.928,0.34,0.495
2.931,0.345,0.475
2.933,0.35,0.46
2.936,0.35,0.455
2.939,0.385,0.47
2.942,0.41,0.485
2.944,0.45,0.47
2.947,0.46,0.44
2.95,0.475,0.43
2.953,0.495,0.44
2.956,0.53,0.45
2.958,0.565,0.45
2.961,0.59,0.445
2.964,0.615,0.435
2.967,0.625,0.415
2.969,0.645,0.41
2.972,0.675,0.42
2.975,0.705,0.435
2.978,0.735,0.425
2.981,0.755,0.415
2.983,0.765,0.39
2.986,0.8,0.395
2.989,0.81,0.405
2.992,0.845,0.41
2.994,0.88,0.41
2.997,0.88,0.395
3,0.895,0.39
3.003,0.9,0.395
3.006,0.92,0.405
3.008,0.94,0.42
3.011,0.94,0.415
3.014,0.93,0.42
3.017,0.895,0.415
3.019,0.85,0.42
3.022,0.82,0.435
3.025,0.795,0.45
3.028,0.755,0.455
3.031,0.695,0.45
3.033,0.625,0.435
3.036,0.55,0.44
3.039,0.51,0.445
3.042,0.45,0.46
3.044,0.4,0.455
3.047,0.325,0.445
3.05,0.27,0.43
3.053,0.205,0.435
3.056,0.14,0.455
3.058,0.115,0.445
3.061,0.09,0.44
3.064,0.03,0.43
3.067,-0.015,0.425
3.069,-0.045,0.44
3.072,-0.07,0.435
3.075,-0.085,0.445
3.078,-0.095,0.43
3.081,-0.125,0.43
3.083,-0.16,0.42
3.086,-0.175,0.415
3.089,-0.185,0.435
3.092,-0.19,0.45
3.094,-0.195,0.435
3.097,-0.205,0.42
3.1,-0.23,0.415
3.103,-0.25,0.42
3.106,-0.25,0.435
3.108,-0.23,0.445
3.111,-0.235,0.435
3.114,-0.24,0.42
3.117,-0.25,0.41
3.119,-0.255,0.41
3.122,-0.265,0.42
3.125,-0.245,0.44
3.128,-0.235,0.42
3.131,-0.24,0.405
3.133,-0.265,0.395
3.136,-0.27,0.4
3.139,-0.265,0.41
3.142,-0.245,0.425
3.144,-0.24,0.405
3.147,-0.24,0.395
3.15,-0.255,0.375
3.153,-0.265,0.39
3.156,-0.26,0.4
3.158,-0.24,0.415
3.161,-0.24,0.4
3.164,-0.255,0.385
3.167,-0.275,0.385
3.169,-0.26,0.39
3.172,-0.27,0.395
3.175,-0.255,0.405
3.178,-0.255,0.4
3.181,-0.265,0.4
3.183,-0.26,0.37
3.186,-0.26,0.38
3.189,-0.26,0.39
3.192,-0.25,0.41
3.194,-0.235,0.385
3.197,-0.245,0.385
3.2,-0.265,0.365
3.203,-0.265,0.38
3.206,-0.255,0.395
3.208,-0.255,0.4
3.211,-0.25,0.39
3.214,-0.25,0.365
3.217,-0.265,0.375
3.219,-0.26,0.36
3.222,-0.265,0.39
3.225,-0.255,0.39
3.228,-0.25,0.385
3.231,-0.25,0.37
3.233,-0.265,0.35
3.236,-0.265,0.37
3.239,-0.27,0.37
3.242,-0.26,0.375
3.244,-0.26,0.36
3.247,-0.26,0.36
3.25,-0.27,0.35
3.253,-0.29,0.355
3.256,-0.275,0.365
3.258,-0.27,0.385
3.261,-0.265,0.37
3.264,-0.275,0.35
3.267,-0.29,0.34
3.269,-0.3,0.335
3.272,-0.305,0.35
3.275,-0.295,0.36
3.278,-0.285,0.355
3.281,-0.285,0.35
3.283,-0.31,0.34
3.286,-0.31,0.34
3.289,-0.31,0.35
3.292,-0.3,0.36
3.294,-0.3,0.35
3.297,-0.295,0.345
3.3,-0.31,0.33
3.303,-0.32,0.325
3.306,-0.32,0.345
3.308,-0.305,0.355
3.311,-0.305,0.345
3.314,-0.315,0.33
3.317,-0.34,0.33
3.319,-0.34,0.32
3.322,-0.35,0.335
3.325,-0.33,0.345
3.328,-0.325,0.335
3.331,-0.34,0.325
3.333,-0.36,0.315
3.336,-0.36,0.315
3.339,-0.345,0.325
3.342,-0.335,0.335
3.344,-0.335,0.325
3.347,-0.33,0.32
3.35,-0.345,0.305
3.353,-0.35,0.3
3.356,-0.35,0.32
3.358,-0.345,0.32
3.361,-0.345,0.32
3.364,-0.35,0.305
3.367,-0.35,0.285
3.369,-0.355,0.285
3.372,-0.345,0.315
3.375,-0.335,0.315
3.378,-0.32,0.31
3.381,-0.34,0.3
3.383,-0.355,0.285
3.386,-0.365,0.29
3.389,-0.37,0.3
3.392,-0.355,0.31
3.394,-0.35,0.305
3.397,-0.345,0.295
3.4,-0.35,0.27
3.403,-0.36,0.28
3.406,-0.385,0.295
3.408,-0.36,0.3
3.411,-0.34,0.305
3.414,-0.365,0.285
3.417,-0.37,0.275
3.419,-0.36,0.27
3.422,-0.365,0.29
3.425,-0.365,0.3
3.428,-0.345,0.29
3.431,-0.37,0.27
3.433,-0.37,0.275
3.436,-0.38,0.28
3.439,-0.375,0.29
3.442,-0.365,0.29
3.444,-0.355,0.285
3.447,-0.355,0.27
3.45,-0.38,0.255
3.453,-0.38,0.255
3.456,-0.365,0.26
3.458,-0.36,0.275
3.461,-0.355,0.28
3.464,-0.37,0.275
3.467,-0.37,0.255
3.469,-0.38,0.255
3.472,-0.375,0.275
3.475,-0.365,0.275
3.478,-0.36,0.27
3.481,-0.365,0.255
3.483,-0.395,0.25
3.486,-0.39,0.25
3.489,-0.38,0.265
3.492,-0.385,0.275
3.494,-0.365,0.255
3.497,-0.37,0.25
3.5,-0.38,0.24
3.503,-0.395,0.25
3.506,-0.385,0.25
3.508,-0.375,0.265
3.511,-0.365,0.265
3.514,-0.37,0.275
3.517,-0.37,0.255
3.519,-0.385,0.265
3.522,-0.375,0.29
3.525,-0.34,0.295
3.528,-0.335,0.285
3.531,-0.32,0.265
3.533,-0.325,0.245
3.536,-0.335,0.235
3.539,-0.335,0.235
3.542,-0.325,0.235
3.544,-0.29,0.215
3.547,-0.29,0.2
3.55,-0.295,0.195
3.553,-0.315,0.195
3.556,-0.32,0.22
3.558,-0.31,0.23
3.561,-0.31,0.22
3.564,-0.315,0.215
3.567,-0.33,0.2
3.569,-0.35,0.215
3.572,-0.36,0.22
3.575,-0.36,0.24
3.578,-0.36,0.22
3.581,-0.395,0.2
3.583,-0.415,0.205
3.586,-0.44,0.195
3.589,-0.425,0.22
3.592,-0.42,0.23
3.594,-0.4,0.22
3.597,-0.405,0.215
3.6,-0.435,0.2
3.603,-0.43,0.195
3.606,-0.425,0.205
3.608,-0.4,0.21
3.611,-0.4,0.21
3.614,-0.395,0.2
3.617,-0.42,0.19
3.619,-0.425,0.185
3.622,-0.415,0.195
3.625,-0.4,0.205
3.628,-0.4,0.195
3.631,-0.4,0.2
3.633,-0.41,0.2
3.636,-0.405,0.215
3.639,-0.39,0.245
3.642,-0.385,0.285
3.644,-0.38,0.33
3.647,-0.41,0.35
3.65,-0.435,0.37
3.653,-0.49,0.37
3.656,-0.505,0.38
3.658,-0.51,0.35
3.661,-0.51,0.28
3.664,-0.47,0.175
3.667,-0.355,0.06
3.669,-0.1,-0.05
3.672,0.295,-0.16
3.675,0.77,-0.22
3.678,1.24,-0.23
3.681,1.645,-0.205
3.683,1.87,-0.12
3.686,1.95,-0.005
3.689,1.85,0.08
3.692,1.49,0.145
3.694,0.85,0.14
3.697,0.21,0.125
3.7,-0.43,0.13
3.703,-0.815,0.16
3.706,-0.7,0.2
3.708,-0.58,0.215
3.711,-0.575,0.21
3.714,-0.625,0.2
3.717,-0.64,0.17
3.719,-0.62,0.18
3.722,-0.575,0.21
3.725,-0.525,0.23
3.728,-0.465,0.225
3.731,-0.425,0.21
3.733,-0.395,0.195
3.736,-0.4,0.19
3.739,-0.395,0.205
3.742,-0.39,0.21
3.744,-0.385,0.195
3.747,-0.385,0.195
3.75,-0.395,0.185
3.753,-0.405,0.175
3.756,-0.41,0.185
3.758,-0.395,0.195
3.761,-0.38,0.195
3.764,-0.38,0.18
3.767,-0.4,0.185
3.769,-0.4,0.185
3.772,-0.395,0.185
3.775,-0.385,0.2
3.778,-0.365,0.2
3.781,-0.375,0.175
3.783,-0.405,0.165
3.786,-0.4,0.17
3.789,-0.385,0.17
3.792,-0.39,0.195
3.794,-0.375,0.175
3.797,-0.38,0.175
3.8,-0.375,0.16
3.803,-0.39,0.165
3.806,-0.375,0.165
3.808,-0.36,0.175
3.811,-0.365,0.165
3.814,-0.355,0.16
3.817,-0.385,0.145
3.819,-0.365,0.155
3.822,-0.365,0.165
3.825,-0.36,0.175
3.828,-0.335,0.16
3.831,-0.355,0.16
3.833,-0.35,0.15
3.836,-0.365,0.155
3.839,-0.345,0.16
3.842,-0.335,0.18
3.844,-0.335,0.165
3.847,-0.345,0.165
3.85,-0.345,0.145
3.853,-0.35,0.145
3.856,-0.35,0.145
3.858,-0.33,0.165
3.861,-0.31,0.155
3.864,-0.31,0.145
3.867,-0.33,0.13
3.869,-0.33,0.13
3.872,-0.315,0.145
3.875,-0.295,0.15
3.878,-0.29,0.15
3.881,-0.28,0.135
3.883,-0.29,0.125
3.886,-0.29,0.13
3.889,-0.28,0.135
3.892,-0.265,0.15
3.894,-0.24,0.145
3.897,-0.235,0.12
3.9,-0.245,0.12
3.903,-0.24,0.13
3.906,-0.225,0.12
3.908,-0.195,0.145
3.911,-0.19,0.12
3.914,-0.17,0.135
3.917,-0.175,0.115
3.919,-0.18,0.105
3.922,-0.155,0.13
3.925,-0.135,0.14
3.928,-0.1,0.14
3.931,-0.1,0.11
3.933,-0.09,0.115
3.936,-0.08,0.105
3.939,-0.06,0.115
3.942,-0.015,0.12
3.944,0.01,0.115
3.947,0.025,0.105
3.95,0.03,0.09
3.953,0.045,0.09
3.956,0.09,0.11
3.958,0.115,0.12
3.961,0.155,0.12
3.964,0.18,0.095
3.967,0.18,0.085
3.969,0.19,0.085
3.972,0.23,0.09
3.975,0.265,0.105
3.978,0.3,0.095
3.981,0.325,0.075
3.983,0.335,0.075
3.986,0.35,0.07
3.989,0.39,0.075
3.992,0.445,0.08
3.994,0.46,0.07
3.997,0.47,0.06
4,0.49,0.05
4.003,0.495,0.05
4.006,0.53,0.06
4.008,0.56,0.075
4.011,0.6,0.065
4.014,0.59,0.045
4.017,0.595,0.045
4.019,0.585,0.06
4.022,0.595,0.07
4.025,0.59,0.085
4.028,0.58,0.09
4.031,0.53,0.085
4.033,0.485,0.075
4.036,0.425,0.09
4.039,0.38,0.095
4.042,0.335,0.105
4.044,0.28,0.1
4.047,0.195,0.095
4.05,0.12,0.085
4.053,0.05,0.09
4.056,-0.01,0.095
4.058,-0.07,0.115
4.061,-0.125,0.09
4.064,-0.18,0.1
4.067,-0.26,0.09
4.069,-0.315,0.08
4.072,-0.365,0.085
4.075,-0.385,0.1
4.078,-0.4,0.105
4.081,-0.435,0.095
4.083,-0.5,0.08
4.086,-0.525,0.08
4.089,-0.535,0.09
4.092,-0.54,0.105
4.094,-0.55,0.085
4.097,-0.57,0.08
4.1,-0.595,0.06
4.103,-0.61,0.07
4.106,-0.63,0.085
4.108,-0.62,0.09
4.111,-0.625,0.08
4.114,-0.63,0.065
4.117,-0.645,0.06
4.119,-0.66,0.065
4.122,-0.665,0.075
4.125,-0.65,0.095
4.128,-0.64,0.08
4.131,-0.66,0.07
4.133,-0.67,0.055
4.136,-0.695,0.055
4.139,-0.68,0.075
4.142,-0.67,0.08
4.144,-0.665,0.07
4.147,-0.68,0.07
4.15,-0.7,0.06
4.153,-0.695,0.06
4.156,-0.705,0.075
4.158,-0.68,0.085
4.161,-0.68,0.07
4.164,-0.69,0.065
4.167,-0.705,0.045
4.169,-0.695,0.05
4.172,-0.685,0.07
4.175,-0.675,0.09
4.178,-0.665,0.07
4.181,-0.66,0.055
4.183,-0.675,0.045
4.186,-0.685,0.045
4.189,-0.685,0.055
4.192,-0.665,0.075
4.194,-0.665,0.075
4.197,-0.68,0.05
4.2,-0.69,0.05
4.203,-0.7,0.04
4.206,-0.69,0.055
4.208,-0.68,0.075
4.211,-0.68,0.06
4.214,-0.68,0.055
4.217,-0.68,0.05
4.219,-0.69,0.05
4.222,-0.695,0.05
4.225,-0.68,0.065
4.228,-0.665,0.055
4.231,-0.67,0.05
4.233,-0.685,0.04
4.236,-0.695,0.035
4.239,-0.71,0.05
4.242,-0.7,0.05
4.244,-0.69,0.045
4.247,-0.68,0.045
4.25,-0.705,0.03
4.253,-0.72,0.045
4.256,-0.72,0.035
4.258,-0.705,0.06
4.261,-0.685,0.045
4.264,-0.7,0.04
4.267,-0.715,0.025
4.269,-0.715,0.035
4.272,-0.715,0.035
4.275,-0.705,0.055
4.278,-0.705,0.03
4.281,-0.705,0.025
4.283,-0.72,0.015
4.286,-0.73,0.025
4.289,-0.735,0.045
4.292,-0.72,0.05
4.294,-0.715,0.035
4.297,-0.725,0.015
4.3,-0.73,0.015
4.303,-0.735,0.02
4.306,-0.74,0.025
4.308,-0.72,0.045
4.311,-0.72,0.02
4.314,-0.725,0.01
4.317,-0.75,0.005
4.319,-0.755,0.015
4.322,-0.75,0.03
4.325,-0.73,0.04
4.328,-0.73,0.02
4.331,-0.73,0.015
4.333,-0.77,0.005
4.336,-0.755,0.01
4.339,-0.76,0.01
4.342,-0.745,0.03
4.344,-0.75,0.03
4.347,-0.74,0.02
4.35,-0.76,0
4.353,-0.775,0
4.356,-0.755,0.005
4.358,-0.735,0.015
4.361,-0.725,0.02
4.364,-0.73,0.005
4.367,-0.75,-0.015
4.369,-0.76,-0.005
4.372,-0.75,0.005
4.375,-0.73,0.01
4.378,-0.725,0.01
4.381,-0.73,0.005
4.383,-0.75,-0.01
4.386,-0.765,-0.005
4.389,-0.755,0.015
4.392,-0.74,0.005
4.394,-0.725,0.015
4.397,-0.735,0.005
4.4,-0.76,-0.01
4.403,-0.76,-0.01
4.406,-0.74,0.005
4.408,-0.74,0.01
4.411,-0.735,0.01
4.414,-0.75,-0.01
4.417,-0.755,-0.02
4.419,-0.755,0
4.422,-0.755,0
4.425,-0.74,0.005
4.428,-0.745,0.005
4.431,-0.75,-0.01
4.433,-0.755,-0.02
4.436,-0.755,0
4.439,-0.755,-0.005
4.442,-0.75,0.015
4.444,-0.74,-0.005
4.447,-0.755,-0.01
4.45,-0.74,-0.02
4.453,-0.755,-0.015
4.456,-0.76,-0.005
4.458,-0.74,0.015
4.461,-0.725,-0.005
4.464,-0.74,-0.015
4.467,-0.75,-0.015
4.469,-0.745,-0.025
4.472,-0.75,-0.015
4.475,-0.735,0.005
4.478,-0.735,-0.005
4.481,-0.74,-0.02
4.483,-0.76,-0.03
4.486,-0.76,-0.025
4.489,-0.74,-0.01
4.492,-0.725,0.005
4.494,-0.725,-0.005
4.497,-0.72,-0.015
4.5,-0.74,-0.02
4.503,-0.745,-0.015
4.506,-0.745,-0.01
4.508,-0.72,-0.005
4.511,-0.715,-0.01
4.514,-0.735,-0.015
4.517,-0.745,-0.03
4.519,-0.745,-0.025
4.522,-0.74,-0.01
4.525,-0.725,-0.01
4.528,-0.725,-0.015
4.531,-0.73,-0.025
4.533,-0.74,-0.03
4.536,-0.735,-0.02
4.539,-0.73,-0.01
4.542,-0.715,-0.005
4.544,-0.71,-0.015
4.547,-0.715,-0.025
4.55,-0.725,-0.035
4.553,-0.745,-0.025
4.556,-0.735,-0.02
4.558,-0.715,-0.01
4.561,-0.71,-0.005
4.564,-0.71,-0.02
4.567,-0.72,-0.015
4.569,-0.715,-0.01
4.572,-0.715,0.015
4.575,-0.695,0.045
4.578,-0.67,0.03
4.581,-0.685,0.015
4.583,-0.69,-0.005
4.586,-0.67,-0.025
4.589,-0.66,-0.01
4.592,-0.645,0
4.594,-0.645,-0.02
4.597,-0.645,-0.055
4.6,-0.64,-0.07
4.603,-0.635,-0.07
4.606,-0.65,-0.04
4.608,-0.63,-0.045
4.611,-0.625,-0.03
4.614,-0.625,-0.055
4.617,-0.64,-0.055
4.619,-0.65,-0.055
4.622,-0.645,-0.035
4.625,-0.66,-0.025
4.628,-0.66,-0.035
4.631,-0.68,-0.055
4.633,-0.71,-0.055
4.636,-0.715,-0.06
4.639,-0.71,-0.045
4.642,-0.7,-0.045
4.644,-0.685,-0.045
4.647,-0.7,-0.05
4.65,-0.7,-0.05
4.653,-0.715,-0.055
4.656,-0.695,-0.05
4.658,-0.69,-0.03
4.661,-0.69,-0.045
4.664,-0.7,-0.055
4.667,-0.7,-0.065
4.669,-0.71,-0.06
4.672,-0.7,-0.05
4.675,-0.675,-0.03
4.678,-0.66,-0.025
4.681,-0.67,-0.04
4.683,-0.68,-0.05
4.686,-0.675,-0.035
4.689,-0.66,0.005
4.692,-0.645,0.05
4.694,-0.65,0.095
4.697,-0.67,0.115
4.7,-0.705,0.145
4.703,-0.745,0.145
4.706,-0.775,0.14
4.708,-0.77,0.105
4.711,-0.745,0.035
4.714,-0.7,-0.08
4.717,-0.565,-0.21
4.719,-0.285,-0.34
4.722,0.17,-0.44
4.725,0.69,-0.505
4.728,1.2,-0.505
4.731,1.59,-0.425
4.733,1.8,-0.34
4.736,1.8,-0.21
4.739,1.505,-0.125
4.742,0.865,-0.1
4.744,0.225,-0.125
4.747,-0.415,-0.13
4.75,-1.05,-0.11
4.753,-0.96,-0.065
4.756,-0.84,-0.035
4.758,-0.8,-0.015
4.761,-0.82,-0.045
4.764,-0.835,-0.065
4.767,-0.84,-0.055
4.769,-0.81,-0.045
4.772,-0.77,-0.03
4.775,-0.705,-0.01
4.778,-0.655,-0.025
4.781,-0.64,-0.04
4.783,-0.635,-0.055
4.786,-0.645,-0.055
4.789,-0.625,-0.04
4.792,-0.62,-0.015
4.794,-0.6,-0.02
4.797,-0.62,-0.05
4.8,-0.62,-0.06
4.803,-0.62,-0.06
4.806,-0.605,-0.025
4.808,-0.585,-0.025
4.811,-0.585,-0.035
4.814,-0.595,-0.05
4.817,-0.605,-0.065
4.819,-0.6,-0.055
4.822,-0.595,-0.045
4.825,-0.565,-0.025
4.828,-0.58,-0.04
4.831,-0.58,-0.05
4.833,-0.585,-0.065
4.836,-0.59,-0.05
4.839,-0.57,-0.05
4.842,-0.55,-0.03
4.844,-0.545,-0.045
4.847,-0.545,-0.065
4.85,-0.565,-0.07
4.853,-0.56,-0.065
4.856,-0.555,-0.055
4.858,-0.525,-0.05
4.861,-0.535,-0.04
4.864,-0.525,-0.065
4.867,-0.545,-0.075
4.869,-0.55,-0.065
4.872,-0.535,-0.055
4.875,-0.515,-0.04
4.878,-0.505,-0.06
4.881,-0.5,-0.06
4.883,-0.5,-0.085
4.886,-0.51,-0.07
4.889,-0.49,-0.06
4.892,-0.475,-0.055
4.894,-0.46,-0.06
4.897,-0.455,-0.07
4.9,-0.46,-0.075
4.903,-0.46,-0.075
4.906,-0.44,-0.075
4.908,-0.42,-0.065
4.911,-0.4,-0.07
4.914,-0.405,-0.08
4.917,-0.395,-0.085
4.919,-0.39,-0.085
4.922,-0.375,-0.065
4.925,-0.345,-0.065
4.928,-0.33,-0.075
4.931,-0.325,-0.09
4.933,-0.315,-0.105
4.936,-0.3,-0.1
4.939,-0.28,-0.085
4.942,-0.27,-0.08
4.944,-0.22,-0.09
4.947,-0.2,-0.095
4.95,-0.185,-0.105
4.953,-0.175,-0.105
4.956,-0.14,-0.09
4.958,-0.09,-0.085
4.961,-0.065,-0.09
4.964,-0.055,-0.11
4.967,-0.035,-0.12
4.969,-0.01,-0.115
4.972,0.015,-0.11
4.975,0.075,-0.105
4.978,0.115,-0.12
4.981,0.13,-0.12
4.983,0.145,-0.135
4.986,0.175,-0.13
4.989,0.215,-0.12
4.992,0.26,-0.115
4.994,0.285,-0.13
4.997,0.31,-0.145
5,0.315,-0.145
5.003,0.33,-0.145
5.006,0.38,-0.12
5.008,0.41,-0.115
5.011,0.45,-0.135
5.014,0.465,-0.15
5.017,0.48,-0.155
5.019,0.485,-0.155
5.022,0.51,-0.14
5.025,0.53,-0.12
5.028,0.54,-0.125
5.031,0.515,-0.13
5.033,0.48,-0.135
5.036,0.46,-0.125
5.039,0.43,-0.09
5.042,0.395,-0.085
5.044,0.345,-0.09
5.047,0.28,-0.11
5.05,0.205,-0.105
5.053,0.14,-0.1
5.056,0.075,-0.1
5.058,0.025,-0.085
5.061,-0.04,-0.09
5.064,-0.11,-0.1
5.067,-0.185,-0.11
5.069,-0.245,-0.11
5.072,-0.305,-0.09
5.075,-0.34,-0.085
5.078,-0.385,-0.09
5.081,-0.42,-0.095
5.083,-0.475,-0.115
5.086,-0.515,-0.11
5.089,-0.545,-0.105
5.092,-0.55,-0.075
5.094,-0.56,-0.085
5.097,-0.585,-0.11
5.1,-0.605,-0.115
5.103,-0.63,-0.11
5.106,-0.64,-0.095
5.108,-0.635,-0.07
5.111,-0.635,-0.09
5.114,-0.65,-0.11
5.117,-0.665,-0.11
5.119,-0.68,-0.11
5.122,-0.685,-0.09
5.125,-0.675,-0.09
5.128,-0.665,-0.095
5.131,-0.67,-0.13
5.133,-0.685,-0.12
5.136,-0.71,-0.115
5.139,-0.695,-0.095
5.142,-0.68,-0.09
5.144,-0.675,-0.1
5.147,-0.68,-0.105
5.15,-0.705,-0.115
5.153,-0.715,-0.105
5.156,-0.705,-0.095
5.158,-0.68,-0.08
5.161,-0.685,-0.09
5.164,-0.69,-0.11
5.167,-0.69,-0.125
5.169,-0.71,-0.115
5.172,-0.705,-0.105
5.175,-0.685,-0.095
5.178,-0.675,-0.095
5.181,-0.68,-0.11
5.183,-0.69,-0.12
5.186,-0.705,-0.11
5.189,-0.695,-0.095
5.192,-0.66,-0.095
5.194,-0.665,-0.09
5.197,-0.675,-0.105
5.2,-0.68,-0.12
5.203,-0.69,-0.12
5.206,-0.68,-0.1
5.208,-0.655,-0.09
5.211,-0.645,-0.105
5.214,-0.665,-0.115
5.217,-0.67,-0.12
5.219,-0.7,-0.125
5.222,-0.67,-0.1
5.225,-0.655,-0.085
5.228,-0.645,-0.11
5.231,-0.65,-0.115
5.233,-0.67,-0.13
5.236,-0.675,-0.12
5.239,-0.675,-0.105
5.242,-0.66,-0.1
5.244,-0.645,-0.115
5.247,-0.66,-0.125
5.25,-0.665,-0.125
5.253,-0.68,-0.115
5.256,-0.675,-0.105
5.258,-0.66,-0.105
5.261,-0.645,-0.11
5.264,-0.655,-0.115
5.267,-0.655,-0.13
5.269,-0.67,-0.12
5.272,-0.665,-0.115
5.275,-0.645,-0.1
5.278,-0.645,-0.11
5.281,-0.645,-0.13
5.283,-0.66,-0.115
5.286,-0.685,-0.115
5.289,-0.67,-0.115
5.292,-0.65,-0.1
5.294,-0.64,-0.11
5.297,-0.65,-0.125
5.3,-0.675,-0.13
5.303,-0.665,-0.125
5.306,-0.66,-0.115
5.308,-0.655,-0.1
5.311,-0.65,-0.1
5.314,-0.655,-0.12
5.317,-0.67,-0.14
5.319,-0.685,-0.125
5.322,-0.68,-0.125
5.325,-0.66,-0.105
5.328,-0.655,-0.125
5.331,-0.66,-0.135
5.333,-0.67,-0.145
5.336,-0.67,-0.125
5.339,-0.665,-0.115
5.342,-0.665,-0.11
5.344,-0.665,-0.12
5.347,-0.66,-0.115
5.35,-0.67,-0.135
5.353,-0.685,-0.14
5.356,-0.67,-0.125
5.358,-0.65,-0.115
5.361,-0.64,-0.125
5.364,-0.66,-0.135
5.367,-0.665,-0.125
5.369,-0.675,-0.14
5.372,-0.66,-0.12
5.375,-0.655,-0.11
5.378,-0.645,-0.115
5.381,-0.65,-0.125
5.383,-0.67,-0.14
5.386,-0.66,-0.14
5.389,-0.65,-0.13
5.392,-0.64,-0.115
5.394,-0.65,-0.12
5.397,-0.65,-0.125
5.4,-0.66,-0.145
5.403,-0.675,-0.135
5.406,-0.655,-0.13
5.408,-0.635,-0.11
5.411,-0.63,-0.125
5.414,-0.635,-0.13
5.417,-0.655,-0.145
5.419,-0.665,-0.14
5.422,-0.66,-0.14
5.425,-0.635,-0.115
5.428,-0.63,-0.13
5.431,-0.635,-0.125
5.433,-0.655,-0.145
5.436,-0.645,-0.14
5.439,-0.625,-0.135
5.442,-0.625,-0.12
5.444,-0.61,-0.125
5.447,-0.63,-0.14
5.45,-0.64,-0.155
5.453,-0.645,-0.15
5.456,-0.635,-0.14
5.458,-0.63,-0.12
5.461,-0.61,-0.125
5.464,-0.61,-0.13
5.467,-0.62,-0.145
5.469,-0.63,-0.145
5.472,-0.62,-0.13
5.475,-0.62,-0.135
5.478,-0.615,-0.13
5.481,-0.605,-0.135
5.483,-0.62,-0.15
5.486,-0.635,-0.15
5.489,-0.62,-0.135
5.492,-0.605,-0.115
5.494,-0.59,-0.125
5.497,-0.6,-0.145
5.5,-0.635,-0.14
5.503,-0.625,-0.14
5.506,-0.61,-0.13
5.508,-0.6,-0.12
5.511,-0.595,-0.13
5.514,-0.605,-0.135
5.517,-0.605,-0.145
5.519,-0.61,-0.145
5.522,-0.6,-0.115
5.525,-0.59,-0.115
5.528,-0.595,-0.125
5.531,-0.6,-0.135
5.533,-0.615,-0.15
5.536,-0.615,-0.145
5.539,-0.61,-0.13
5.542,-0.58,-0.115
5.544,-0.565,-0.13
5.547,-0.58,-0.135
5.55,-0.6,-0.145
5.553,-0.595,-0.145
