Time [s], II
0,-0.29492
0.008,-0.33984
0.016,-0.14844
0.024,-0.089844
0.032,-0.054688
0.04,-0.054688
0.048,-0.035156
0.056,-0.035156
0.064,-0.025391
0.072,-0.025391
0.08,-0.019531
0.088,-0.013672
0.096,-0.0039062
0.104,-0.013672
0.112,0
0.12,0
0.128,0
0.136,0.0058594
0.144,0
0.152,0.019531
0.16,0.015625
0.168,0.03125
0.176,0.025391
0.184,0.035156
0.192,0.03125
0.2,0.050781
0.208,0.050781
0.216,0.070312
0.224,0.060547
0.232,0.076172
0.24,0.060547
0.248,0.070312
0.256,0.054688
0.264,0.050781
0.272,0.035156
0.28,0.041016
0.288,0.019531
0.296,0.015625
0.304,0
0.312,0
0.32,-0.0097656
0.328,-0.0097656
0.336,-0.0039062
0.344,-0.013672
0.352,-0.0039062
0.36,-0.019531
0.368,-0.0097656
0.376,-0.019531
0.384,-0.0097656
0.392,-0.019531
0.4,-0.0097656
0.408,-0.025391
0.416,-0.013672
0.424,-0.025391
0.432,0
0.44,0.0097656
0.448,0.03125
0.456,0.041016
0.464,0.044922
0.472,0.03125
0.48,0.019531
0.488,0.0058594
0.496,0.019531
0.504,0.015625
0.512,-0.019531
0.52,-0.064453
0.528,-0.074219
0.536,-0.083984
0.544,-0.080078
0.552,-0.074219
0.56,-0.089844
0.568,-0.083984
0.576,-0.09375
0.584,-0.074219
0.592,-0.025391
0.6,0.054688
0.608,0.089844
0.616,-0.048828
0.624,-0.17383
0.632,-0.23438
0.64,-0.33008
0.648,-0.33398
0.656,-0.125
0.664,-0.058594
0.672,-0.064453
0.68,-0.048828
0.688,-0.044922
0.696,-0.025391
0.704,-0.035156
0.712,-0.025391
0.72,-0.029297
0.728,-0.0097656
0.736,0
0.744,-0.013672
0.752,-0.0039062
0.76,-0.0097656
0.768,0.0058594
0.776,0
0.784,0.015625
0.792,0.019531
0.8,0.025391
0.808,0.019531
0.816,0.035156
0.824,0.03125
0.832,0.044922
0.84,0.050781
0.848,0.070312
0.856,0.070312
0.864,0.070312
0.872,0.064453
0.88,0.076172
0.888,0.054688
0.896,0.070312
0.904,0.050781
0.912,0.044922
0.92,0.035156
0.928,0.019531
0.936,0.015625
0.944,0.019531
0.952,0
0.96,-0.0039062
0.968,0
0.976,-0.019531
0.984,-0.0039062
0.992,-0.013672
1,0
1.008,-0.0039062
1.016,0
1.024,-0.013672
1.032,-0.0097656
1.04,-0.019531
1.048,-0.013672
1.056,-0.013672
1.064,0
1.072,0.015625
1.08,0.035156
1.088,0.054688
1.096,0.044922
1.104,0.041016
1.112,0.044922
1.12,0.019531
1.128,0.03125
1.136,0.025391
1.144,0.0097656
1.152,-0.039062
1.16,-0.054688
1.168,-0.044922
1.176,-0.070312
1.184,-0.058594
1.192,-0.070312
1.2,-0.058594
1.208,-0.058594
1.216,-0.048828
1.224,-0.013672
1.232,0.03125
1.24,0.089844
1.248,-0.013672
1.256,-0.11523
1.264,-0.1543
1.272,-0.27344
1.28,-0.31445
1.288,-0.13477
1.296,-0.054688
1.304,-0.048828
1.312,-0.035156
1.32,-0.048828
1.328,-0.039062
1.336,-0.044922
1.344,-0.029297
1.352,-0.019531
1.36,-0.0039062
1.368,0.0058594
1.376,0
1.384,0.019531
1.392,0.0097656
1.4,0.019531
1.408,0.015625
1.416,0.019531
1.424,0.019531
1.432,0.03125
1.44,0.019531
1.448,0.041016
1.456,0.035156
1.464,0.050781
1.472,0.044922
1.48,0.060547
1.488,0.044922
1.496,0.064453
1.504,0.060547
1.512,0.070312
1.52,0.054688
1.528,0.050781
1.536,0.035156
1.544,0.03125
1.552,0.019531
1.56,0.015625
1.568,0
1.576,-0.0097656
1.584,-0.025391
1.592,-0.029297
1.6,-0.025391
1.608,-0.044922
1.616,-0.035156
1.624,-0.044922
1.632,-0.035156
1.64,-0.048828
1.648,-0.039062
1.656,-0.048828
1.664,-0.035156
1.672,-0.048828
1.68,-0.039062
1.688,-0.044922
1.696,-0.029297
1.704,-0.025391
1.712,0
1.72,0
1.728,0.019531
1.736,0.03125
1.744,0.019531
1.752,0.025391
1.76,0
1.768,0.0097656
1.776,0.015625
1.784,0.019531
1.792,-0.048828
1.8,-0.074219
1.808,-0.083984
1.816,-0.074219
1.824,-0.09375
1.832,-0.083984
1.84,-0.09375
1.848,-0.089844
1.856,-0.09375
1.864,-0.054688
1.872,-0.0039062
1.88,0.085938
1.888,0.0097656
1.896,-0.089844
1.904,-0.16992
1.912,-0.27344
1.92,-0.33984
1.928,-0.17969
1.936,-0.099609
1.944,-0.064453
1.952,-0.048828
1.96,-0.054688
1.968,-0.048828
1.976,-0.054688
1.984,-0.035156
1.992,-0.044922
2,-0.025391
2.008,-0.029297
2.016,-0.013672
2.024,-0.025391
2.032,-0.0097656
2.04,-0.019531
2.048,-0.0039062
2.056,-0.0039062
2.064,0.0097656
2.072,0
2.08,0.015625
2.088,0.0097656
2.096,0.025391
2.104,0.025391
2.112,0.035156
2.12,0.041016
2.128,0.054688
2.136,0.054688
2.144,0.064453
2.152,0.070312
2.16,0.060547
2.168,0.064453
2.176,0.050781
2.184,0.035156
2.192,0.025391
2.2,0.03125
2.208,0.015625
2.216,0.0058594
2.224,-0.0039062
2.232,0
2.24,-0.019531
2.248,-0.013672
2.256,-0.025391
2.264,-0.013672
2.272,-0.025391
2.28,-0.025391
2.288,-0.029297
2.296,-0.019531
2.304,-0.025391
2.312,-0.025391
2.32,-0.048828
2.328,-0.070312
2.336,-0.11914
2.344,-0.16992
2.352,-0.26953
2.36,-0.41406
2.368,-0.49805
2.376,-0.49805
2.384,-0.49805
2.392,-0.49805
2.4,-0.49805
2.408,-0.49805
2.416,-0.49805
2.424,-0.49805
2.432,-0.49805
2.44,-0.19336
2.448,0.099609
2.456,0.17969
2.464,0.22461
2.472,0.22461
2.48,0.25
2.488,0.25
2.496,0.26953
2.504,0.27539
2.512,0.28516
2.52,0.29102
2.528,0.30469
2.536,0.31445
2.544,0.33984
2.552,0.35547
2.56,0.38086
2.568,0.39453
2.576,0.41602
2.584,0.43555
2.592,0.45508
2.6,0.46484
2.608,0.4707
2.616,0.48047
2.624,0.46484
2.632,0.44922
2.64,0.41992
2.648,0.39062
2.656,0.33594
2.664,0.29492
2.672,0.23438
2.68,0.18945
2.688,0.13086
2.696,0.089844
2.704,0.041016
2.712,0.019531
2.72,-0.013672
2.728,-0.025391
2.736,-0.054688
2.744,-0.058594
2.752,-0.074219
2.76,-0.080078
2.768,-0.074219
2.776,-0.083984
2.784,-0.089844
2.792,-0.09375
2.8,-0.089844
2.808,-0.09375
2.816,-0.089844
2.824,-0.10352
2.832,-0.09375
2.84,-0.099609
2.848,-0.09375
2.856,-0.099609
2.864,-0.089844
2.872,-0.09375
2.88,-0.074219
2.888,-0.09375
2.896,-0.083984
2.904,-0.09375
2.912,-0.080078
2.92,-0.089844
2.928,-0.080078
2.936,-0.083984
2.944,-0.074219
2.952,-0.080078
2.96,-0.083984
2.968,-0.074219
2.976,-0.070312
2.984,-0.054688
2.992,-0.035156
3,-0.025391
3.008,-0.0039062
3.016,0.0097656
3.024,-0.0039062
3.032,0
3.04,-0.025391
3.048,0
3.056,0
3.064,0.0058594
3.072,-0.074219
3.08,-0.089844
3.088,-0.10352
3.096,-0.089844
3.104,-0.10352
3.112,-0.09375
3.12,-0.099609
3.128,-0.09375
3.136,-0.099609
3.144,-0.058594
3.152,-0.0039062
3.16,0.085938
3.168,-0.013672
3.176,-0.10938
3.184,-0.17969
3.192,-0.29883
3.2,-0.34375
3.208,-0.17969
3.216,-0.10352
3.224,-0.080078
3.232,-0.064453
3.24,-0.074219
3.248,-0.058594
3.256,-0.064453
3.264,-0.048828
3.272,-0.054688
3.28,-0.039062
3.288,-0.048828
3.296,-0.035156
3.304,-0.039062
3.312,-0.029297
3.32,-0.025391
3.328,-0.029297
3.336,-0.025391
3.344,-0.0097656
3.352,-0.0097656
3.36,0
3.368,0
3.376,0.0058594
3.384,0.015625
3.392,0.0058594
3.4,0.019531
3.408,0.015625
3.416,0.025391
3.424,0.019531
3.432,0.03125
3.44,0.019531
3.448,0.035156
3.456,0.019531
3.464,0.019531
3.472,0.015625
3.48,0.019531
3.488,0.0097656
3.496,0.015625
3.504,0
3.512,0.0058594
3.52,0
3.528,0
3.536,-0.019531
3.544,-0.0097656
3.552,-0.013672
3.56,-0.0097656
3.568,-0.025391
3.576,-0.013672
3.584,-0.019531
3.592,-0.025391
3.6,-0.013672
3.608,-0.025391
3.616,-0.0097656
3.624,-0.013672
3.632,0.015625
3.64,0.019531
3.648,0.044922
3.656,0.041016
3.664,0.035156
3.672,0.019531
3.68,0.019531
3.688,0.019531
3.696,0.025391
3.704,-0.0039062
3.712,-0.044922
3.72,-0.080078
3.728,-0.074219
3.736,-0.083984
3.744,-0.074219
3.752,-0.083984
3.76,-0.080078
3.768,-0.089844
3.776,-0.09375
3.784,-0.054688
3.792,-0.0039062
3.8,0.064453
3.808,0
3.816,-0.10938
3.824,-0.18945
3.832,-0.29492
3.84,-0.34375
3.848,-0.17383
3.856,-0.089844
3.864,-0.058594
3.872,-0.054688
3.88,-0.044922
3.888,-0.048828
3.896,-0.029297
3.904,-0.039062
3.912,-0.029297
3.92,-0.029297
3.928,-0.025391
3.936,-0.025391
3.944,-0.013672
3.952,-0.019531
3.96,-0.0097656
3.968,-0.013672
3.976,-0.0039062
3.984,0
3.992,0.0058594
4,0.0097656
4.008,0
4.016,0.019531
4.024,0.015625
4.032,0.03125
4.04,0.041016
4.048,0.050781
4.056,0.044922
4.064,0.060547
4.072,0.050781
4.08,0.060547
4.088,0.044922
4.096,0.050781
4.104,0.025391
4.112,0.03125
4.12,0.0097656
4.128,0.015625
4.136,0
4.144,0
4.152,-0.019531
4.16,-0.025391
4.168,-0.035156
4.176,-0.029297
4.184,-0.025391
4.192,-0.035156
4.2,-0.025391
4.208,-0.029297
4.216,-0.025391
4.224,-0.044922
4.232,-0.039062
4.24,-0.048828
4.248,-0.044922
4.256,-0.048828
4.264,-0.025391
4.272,-0.0039062
4.28,0.015625
4.288,0.025391
4.296,0.044922
4.304,0.019531
4.312,0.025391
4.32,0.0097656
4.328,0.025391
4.336,0.019531
4.344,0.025391
4.352,-0.039062
4.36,-0.058594
4.368,-0.074219
4.376,-0.080078
4.384,-0.070312
4.392,-0.074219
4.4,-0.074219
4.408,-0.064453
4.416,-0.058594
4.424,-0.074219
4.432,-0.0097656
4.44,0.070312
4.448,0.11133
4.456,-0.048828
4.464,-0.1543
4.472,-0.22852
4.48,-0.30469
4.488,-0.21875
4.496,-0.083984
4.504,-0.048828
4.512,-0.029297
4.52,-0.039062
4.528,-0.019531
4.536,-0.025391
4.544,-0.019531
4.552,-0.025391
4.56,-0.0039062
4.568,0
4.576,-0.0097656
4.584,0
4.592,0.0058594
4.6,0
4.608,0.015625
4.616,0.019531
4.624,0.015625
4.632,0.03125
4.64,0.025391
4.648,0.035156
4.656,0.019531
4.664,0.044922
4.672,0.044922
4.68,0.054688
4.688,0.054688
4.696,0.064453
4.704,0.060547
4.712,0.070312
4.72,0.054688
4.728,0.076172
4.736,0.054688
4.744,0.044922
4.752,0.03125
4.76,0.035156
4.768,0.025391
4.776,0.03125
4.784,0
4.792,-0.0039062
4.8,0
4.808,-0.0097656
4.816,-0.0039062
4.824,-0.013672
4.832,-0.0097656
4.84,-0.025391
4.848,0
4.856,-0.025391
4.864,-0.025391
4.872,-0.0039062
4.88,-0.019531
4.888,-0.013672
4.896,-0.0097656
4.904,-0.019531
4.912,0.019531
4.92,0.015625
4.928,0.035156
4.936,0.035156
4.944,0.03125
4.952,0.03125
4.96,0.025391
4.968,0.019531
4.976,0.025391
4.984,0.0097656
4.992,-0.029297
5,-0.064453
5.008,-0.064453
5.016,-0.080078
5.024,-0.074219
5.032,-0.070312
5.04,-0.058594
5.048,-0.048828
5.056,-0.058594
5.064,-0.035156
5.072,0
5.08,0.070312
5.088,0.089844
5.096,-0.048828
5.104,-0.14844
5.112,-0.20898
5.12,-0.30859
5.128,-0.22461
5.136,-0.10352
5.144,-0.054688
5.152,-0.048828
5.16,-0.044922
5.168,-0.048828
5.176,-0.035156
5.184,-0.029297
5.192,-0.035156
5.2,-0.025391
5.208,-0.025391
5.216,-0.029297
5.224,-0.025391
5.232,-0.019531
5.24,-0.025391
5.248,-0.0097656
5.256,-0.019531
5.264,-0.0097656
5.272,-0.0039062
5.28,0
5.288,0
5.296,0.019531
5.304,0.0097656
5.312,0.03125
5.32,0.025391
5.328,0.044922
5.336,0.035156
5.344,0.050781
5.352,0.044922
5.36,0.050781
5.368,0.041016
5.376,0.044922
5.384,0.025391
5.392,0.019531
5.4,0.0097656
5.408,0.0058594
5.416,-0.0039062
5.424,-0.013672
5.432,-0.0097656
5.44,-0.025391
5.448,-0.029297
5.456,-0.035156
5.464,-0.025391
5.472,-0.044922
5.48,-0.035156
5.488,-0.039062
5.496,-0.029297
5.504,-0.039062
5.512,-0.025391
5.52,-0.029297
5.528,-0.019531
5.536,-0.029297
5.544,-0.025391
5.552,-0.019531
5.56,0.0058594
5.568,0.0097656
5.576,0.044922
5.584,0.044922
5.592,0.035156
5.6,0.019531
5.608,0.0097656
5.616,0.019531
5.624,0.025391
5.632,0.03125
5.64,-0.029297
5.648,-0.054688
5.656,-0.074219
5.664,-0.080078
5.672,-0.083984
5.68,-0.074219
5.688,-0.080078
5.696,-0.074219
5.704,-0.080078
5.712,-0.054688
5.72,-0.025391
5.728,0.064453
5.736,0.089844
5.744,-0.058594
5.752,-0.17383
5.76,-0.25977
5.768,-0.35938
5.776,-0.21875
5.784,-0.11523
5.792,-0.070312
5.8,-0.054688
5.808,-0.039062
5.816,-0.035156
5.824,-0.048828
5.832,-0.029297
5.84,-0.035156
5.848,-0.025391
5.856,-0.019531
5.864,-0.013672
5.872,-0.019531
5.88,-0.0097656
5.888,-0.019531
5.896,0
5.904,0
5.912,0.0097656
5.92,0
5.928,0.019531
5.936,0.015625
5.944,0.019531
5.952,0.019531
5.96,0.041016
5.968,0.035156
5.976,0.050781
5.984,0.044922
5.992,0.054688
6,0.050781
6.008,0.044922
6.016,0.054688
6.024,0.041016
6.032,0.044922
6.04,0.03125
6.048,0.015625
6.056,0.0097656
6.064,0.015625
6.072,-0.0097656
6.08,-0.013672
6.088,-0.025391
6.096,-0.013672
6.104,-0.025391
6.112,-0.013672
6.12,-0.025391
6.128,-0.019531
6.136,-0.029297
6.144,-0.019531
6.152,-0.035156
6.16,-0.025391
6.168,-0.035156
6.176,-0.025391
6.184,-0.039062
6.192,-0.025391
6.2,-0.0097656
6.208,0.015625
6.216,0.019531
6.224,0.041016
6.232,0.025391
6.24,0.03125
6.248,0.015625
6.256,0.0058594
6.264,0.03125
6.272,0.019531
6.28,-0.013672
6.288,-0.058594
6.296,-0.070312
6.304,-0.074219
6.312,-0.074219
6.32,-0.083984
6.328,-0.074219
6.336,-0.083984
6.344,-0.074219
6.352,-0.083984
6.36,-0.029297
6.368,0.019531
6.376,0.089844
6.384,-0.035156
6.392,-0.1543
6.4,-0.22461
6.408,-0.31445
6.416,-0.33398
6.424,-0.11523
6.432,-0.070312
6.44,-0.044922
6.448,-0.035156
6.456,-0.039062
6.464,-0.029297
6.472,-0.035156
6.48,-0.019531
6.488,-0.025391
6.496,-0.0097656
6.504,-0.013672
6.512,0
6.52,-0.0039062
6.528,0.0058594
6.536,-0.0039062
6.544,0.0058594
6.552,0
6.56,0.015625
6.568,0.015625
6.576,0.019531
6.584,0.025391
6.592,0.019531
6.6,0.041016
6.608,0.054688
6.616,0.054688
6.624,0.064453
6.632,0.070312
6.64,0.054688
6.648,0.070312
6.656,0.064453
6.664,0.054688
6.672,0.044922
6.68,0.041016
6.688,0.035156
6.696,0.041016
6.704,0.015625
6.712,0.019531
6.72,0
6.728,0.0058594
6.736,-0.0097656
6.744,0
6.752,-0.019531
6.76,-0.0039062
6.768,-0.019531
6.776,-0.0039062
6.784,-0.0097656
6.792,0
6.8,-0.019531
6.808,-0.013672
6.816,-0.0097656
6.824,-0.025391
6.832,-0.0039062
6.84,-0.0097656
6.848,0.015625
6.856,0.03125
6.864,0.044922
6.872,0.044922
6.88,0.044922
6.888,0.025391
6.896,0.019531
6.904,0.019531
6.912,0.03125
6.92,0.0058594
6.928,-0.039062
6.936,-0.070312
6.944,-0.064453
6.952,-0.074219
6.96,-0.070312
6.968,-0.083984
6.976,-0.074219
6.984,-0.080078
6.992,-0.074219
7,-0.058594
7.008,-0.013672
7.016,0.054688
7.024,0.060547
7.032,-0.125
7.04,-0.19922
7.048,-0.29492
7.056,-0.33984
7.064,-0.17383
7.072,-0.083984
7.08,-0.054688
7.088,-0.048828
7.096,-0.039062
7.104,-0.048828
7.112,-0.029297
7.12,-0.035156
7.128,-0.025391
7.136,-0.029297
7.144,-0.019531
7.152,-0.019531
7.16,0
7.168,-0.0097656
7.176,0.0097656
7.184,0
7.192,0.0097656
7.2,0.0058594
7.208,0.019531
7.216,0.0097656
7.224,0.019531
7.232,0.019531
7.24,0.041016
7.248,0.044922
7.256,0.044922
7.264,0.054688
7.272,0.050781
7.28,0.060547
7.288,0.054688
7.296,0.070312
7.304,0.060547
7.312,0.044922
7.32,0.035156
7.328,0.044922
7.336,0.035156
7.344,0.025391
7.352,0
7.36,0.0058594
7.368,-0.019531
7.376,-0.0097656
7.384,-0.025391
7.392,-0.0097656
7.4,-0.029297
7.408,-0.019531
7.416,-0.013672
7.424,-0.025391
7.432,-0.019531
7.44,-0.025391
7.448,-0.0097656
7.456,-0.019531
7.464,-0.013672
7.472,-0.025391
7.48,-0.0097656
7.488,0.0097656
7.496,0.019531
7.504,0.03125
7.512,0.044922
7.52,0.019531
7.528,0.03125
7.536,0.015625
7.544,0.03125
7.552,0.019531
7.56,0.041016
7.568,-0.029297
7.576,-0.039062
7.584,-0.048828
7.592,-0.054688
7.6,-0.074219
7.608,-0.064453
7.616,-0.064453
7.624,-0.054688
7.632,-0.064453
7.64,-0.044922
7.648,-0.0097656
7.656,0.076172
7.664,0.10547
7.672,-0.058594
7.68,-0.1543
7.688,-0.22852
7.696,-0.30859
7.704,-0.21484
7.712,-0.089844
7.72,-0.058594
7.728,-0.044922
7.736,-0.048828
7.744,-0.013672
7.752,-0.025391
7.76,-0.0039062
7.768,-0.025391
7.776,-0.025391
7.784,-0.013672
7.792,0
7.8,0.0058594
7.808,0.015625
7.816,-0.0039062
7.824,0.0097656
7.832,0.015625
7.84,0.019531
7.848,0.025391
7.856,0.041016
7.864,0.044922
7.872,0.03125
7.88,0.044922
7.888,0.041016
7.896,0.060547
7.904,0.054688
7.912,0.054688
7.92,0.064453
7.928,0.080078
7.936,0.076172
7.944,0.085938
7.952,0.070312
7.96,0.070312
7.968,0.050781
7.976,0.054688
7.984,0.035156
7.992,0.03125
8,0.015625
8.008,0.0097656
8.016,0
8.024,0
8.032,-0.0097656
8.04,-0.0097656
8.048,-0.019531
8.056,-0.013672
8.064,-0.0097656
8.072,-0.025391
8.08,-0.013672
8.088,-0.035156
8.096,-0.025391
8.104,-0.039062
8.112,-0.029297
8.12,-0.035156
8.128,-0.0097656
8.136,0
8.144,0.019531
8.152,0.025391
8.16,0.035156
8.168,0.019531
8.176,0.0097656
8.184,0
8.192,0.019531
8.2,0.0058594
8.208,-0.013672
8.216,-0.070312
8.224,-0.074219
8.232,-0.09375
8.24,-0.09375
8.248,-0.089844
8.256,-0.099609
8.264,-0.09375
8.272,-0.099609
8.28,-0.09375
8.288,-0.064453
8.296,-0.0097656
8.304,0.054688
8.312,-0.048828
8.32,-0.14844
8.328,-0.18359
8.336,-0.31445
8.344,-0.34961
8.352,-0.17383
8.36,-0.099609
8.368,-0.089844
8.376,-0.070312
8.384,-0.064453
8.392,-0.048828
8.4,-0.054688
8.408,-0.039062
8.416,-0.039062
8.424,-0.025391
8.432,-0.029297
8.44,-0.025391
8.448,-0.025391
8.456,-0.019531
8.464,-0.0097656
8.472,-0.019531
8.48,0
8.488,0.0058594
8.496,0.0097656
8.504,0.0058594
8.512,0.019531
8.52,0.015625
8.528,0.03125
8.536,0.019531
8.544,0.035156
8.552,0.03125
8.56,0.054688
8.568,0.044922
8.576,0.054688
8.584,0.044922
8.592,0.050781
8.6,0.035156
8.608,0.041016
8.616,0.019531
8.624,0.019531
8.632,0
8.64,0
8.648,-0.019531
8.656,-0.013672
8.664,-0.025391
8.672,-0.019531
8.68,-0.029297
8.688,-0.035156
8.696,-0.025391
8.704,-0.039062
8.712,-0.025391
8.72,-0.029297
8.728,-0.025391
8.736,-0.035156
8.744,-0.025391
8.752,-0.025391
8.76,-0.019531
8.768,-0.0097656
8.776,0.015625
8.784,0.019531
8.792,0.044922
8.8,0.025391
8.808,0.03125
8.816,0.0058594
8.824,0.015625
8.832,0.0097656
8.84,0.019531
8.848,-0.019531
8.856,-0.054688
8.864,-0.074219
8.872,-0.074219
8.88,-0.080078
8.888,-0.083984
8.896,-0.074219
8.904,-0.083984
8.912,-0.074219
8.92,-0.089844
8.928,-0.035156
8.936,0.015625
8.944,0.085938
8.952,-0.035156
8.96,-0.14453
8.968,-0.22461
8.976,-0.31836
8.984,-0.34961
8.992,-0.13477
9,-0.09375
9.008,-0.058594
9.016,-0.064453
9.024,-0.044922
9.032,-0.048828
9.04,-0.044922
9.048,-0.039062
9.056,-0.029297
9.064,-0.035156
9.072,-0.029297
9.08,-0.025391
9.088,-0.029297
9.096,-0.025391
9.104,-0.019531
9.112,-0.013672
9.12,-0.019531
9.128,0
9.136,-0.0039062
9.144,0.0097656
9.152,0.0058594
9.16,0.019531
9.168,0.019531
9.176,0.035156
9.184,0.035156
9.192,0.044922
9.2,0.044922
9.208,0.060547
9.216,0.054688
9.224,0.064453
9.232,0.044922
9.24,0.044922
9.248,0.03125
9.256,0.03125
9.264,0.015625
9.272,0.0097656
9.28,-0.0039062
9.288,-0.0097656
9.296,-0.0039062
9.304,-0.019531
9.312,-0.0097656
9.32,-0.025391
9.328,-0.013672
9.336,-0.029297
9.344,-0.025391
9.352,-0.035156
9.36,-0.025391
9.368,-0.035156
9.376,-0.025391
9.384,-0.029297
9.392,-0.019531
9.4,-0.029297
9.408,-0.0039062
9.416,0
9.424,0.03125
9.432,0.041016
9.44,0.050781
9.448,0.035156
9.456,0.03125
9.464,0.015625
9.472,0.019531
9.48,0.0097656
9.488,-0.0097656
9.496,-0.064453
9.504,-0.074219
9.512,-0.080078
9.52,-0.083984
9.528,-0.074219
9.536,-0.083984
9.544,-0.074219
9.552,-0.083984
9.56,-0.080078
9.568,-0.048828
9.576,0.0097656
9.584,0.076172
9.592,-0.029297
9.6,-0.16016
9.608,-0.21484
9.616,-0.32422
9.624,-0.34961
9.632,-0.14844
9.64,-0.080078
9.648,-0.070312
9.656,-0.054688
9.664,-0.048828
9.672,-0.035156
9.68,-0.025391
9.688,-0.035156
9.696,-0.025391
9.704,-0.035156
9.712,-0.025391
9.72,-0.025391
9.728,-0.013672
9.736,-0.019531
9.744,-0.0097656
9.752,-0.025391
9.76,0
9.768,0
9.776,0
9.784,-0.0039062
9.792,0.0097656
9.8,0.0058594
9.808,0.03125
9.816,0.03125
9.824,0.044922
9.832,0.035156
9.84,0.054688
9.848,0.054688
9.856,0.054688
9.864,0.044922
9.872,0.054688
9.88,0.041016
9.888,0.03125
9.896,0.019531
9.904,0.025391
9.912,0.0058594
9.92,0
9.928,0
9.936,-0.0097656
9.944,-0.013672
9.952,-0.019531
9.96,-0.013672
9.968,-0.025391
9.976,-0.013672
9.984,-0.029297
9.992,-0.025391
10,-0.029297
10.008,-0.019531
10.016,-0.029297
10.024,-0.025391
10.032,-0.039062
10.04,-0.025391
10.048,-0.0097656
10.056,0.015625
10.064,0.019531
10.072,0.050781
10.08,0.019531
10.088,0.03125
10.096,0.015625
10.104,0.0058594
10.112,0.025391
10.12,0.019531
10.128,-0.013672
10.136,-0.058594
10.144,-0.070312
10.152,-0.074219
10.16,-0.064453
10.168,-0.070312
10.176,-0.054688
10.184,-0.070312
10.192,-0.074219
10.2,-0.070312
10.208,-0.013672
10.216,0.041016
10.224,0.085938
10.232,-0.044922
10.24,-0.13867
10.248,-0.21484
10.256,-0.29883
10.264,-0.31445
10.272,-0.10938
10.28,-0.070312
10.288,-0.044922
10.296,-0.025391
10.304,-0.048828
10.312,-0.048828
10.32,-0.035156
10.328,-0.025391
10.336,-0.019531
10.344,-0.013672
10.352,-0.029297
10.36,0
10.368,-0.019531
10.376,0
10.384,-0.013672
10.392,-0.0097656
10.4,0.0097656
10.408,0.019531
10.416,0.0097656
10.424,0.025391
10.432,0.015625
10.44,0.03125
10.448,0.025391
10.456,0.044922
10.464,0.050781
10.472,0.064453
10.48,0.070312
10.488,0.064453
10.496,0.080078
10.504,0.064453
10.512,0.070312
10.52,0.054688
10.528,0.044922
10.536,0.041016
10.544,0.025391
10.552,0.0097656
10.56,0.015625
10.568,-0.013672
10.576,-0.0097656
10.584,-0.025391
10.592,-0.025391
10.6,-0.039062
10.608,-0.035156
10.616,-0.044922
10.624,-0.035156
10.632,-0.044922
10.64,-0.029297
10.648,-0.039062
10.656,-0.029297
10.664,-0.044922
10.672,-0.035156
10.68,-0.035156
10.688,-0.013672
10.696,0
10.704,0.015625
10.712,0.025391
10.72,0.019531
10.728,0.025391
10.736,0
10.744,0.0058594
10.752,0.015625
10.76,0.019531
10.768,-0.039062
10.776,-0.080078
10.784,-0.089844
10.792,-0.083984
10.8,-0.09375
10.808,-0.083984
10.816,-0.10352
10.824,-0.09375
10.832,-0.099609
10.84,-0.080078
10.848,-0.054688
10.856,0.025391
10.864,0.064453
10.872,-0.054688
10.88,-0.16016
10.888,-0.21875
10.896,-0.34375
10.904,-0.26953
10.912,-0.14453
10.92,-0.09375
10.928,-0.080078
10.936,-0.070312
10.944,-0.058594
10.952,-0.054688
10.96,-0.048828
10.968,-0.054688
10.976,-0.048828
10.984,-0.039062
10.992,-0.025391
11,-0.029297
11.008,-0.019531
11.016,-0.025391
11.024,-0.0097656
11.032,-0.0097656
11.04,0
11.048,0
11.056,0.0097656
11.064,0.0058594
11.072,0.019531
11.08,0.03125
11.088,0.025391
11.096,0.044922
11.104,0.050781
11.112,0.044922
11.12,0.060547
11.128,0.070312
11.136,0.050781
11.144,0.060547
11.152,0.044922
11.16,0.041016
11.168,0.03125
11.176,0.041016
11.184,0.019531
11.192,0.015625
11.2,0
11.208,-0.0097656
11.216,-0.025391
11.224,-0.013672
11.232,-0.025391
11.24,-0.019531
11.248,-0.025391
11.256,-0.0097656
11.264,-0.025391
11.272,-0.013672
11.28,-0.025391
11.288,-0.019531
11.296,-0.025391
11.304,-0.025391
11.312,-0.019531
11.32,-0.025391
11.328,0.0097656
11.336,0.03125
11.344,0.044922
11.352,0.041016
11.36,0.044922
11.368,0.019531
11.376,0.015625
11.384,0.0097656
11.392,0.019531
11.4,-0.0097656
11.408,-0.048828
11.416,-0.080078
11.424,-0.074219
11.432,-0.080078
11.44,-0.074219
11.448,-0.089844
11.456,-0.080078
11.464,-0.089844
11.472,-0.080078
11.48,-0.058594
11.488,0
11.496,0.064453
11.504,-0.013672
11.512,-0.13867
11.52,-0.20508
11.528,-0.31836
11.536,-0.35352
11.544,-0.16406
11.552,-0.09375
11.56,-0.070312
11.568,-0.064453
11.576,-0.054688
11.584,-0.058594
11.592,-0.048828
11.6,-0.048828
11.608,-0.039062
11.616,-0.044922
11.624,-0.029297
11.632,-0.035156
11.64,-0.025391
11.648,-0.025391
11.656,-0.0097656
11.664,-0.025391
11.672,-0.0039062
11.68,-0.0097656
11.688,0.0058594
11.696,0
11.704,0.015625
11.712,0.019531
11.72,0.025391
11.728,0.035156
11.736,0.044922
11.744,0.050781
11.752,0.044922
11.76,0.054688
11.768,0.050781
11.776,0.064453
11.784,0.044922
11.792,0.050781
11.8,0.025391
11.808,0.03125
11.816,0.019531
11.824,0.015625
11.832,0
11.84,-0.0039062
11.848,-0.013672
11.856,-0.0097656
11.864,-0.025391
11.872,-0.019531
11.88,-0.025391
11.888,-0.019531
11.896,-0.029297
11.904,-0.019531
11.912,-0.025391
11.92,-0.025391
11.928,-0.029297
11.936,-0.025391
11.944,-0.019531
11.952,-0.029297
11.96,0
11.968,0.015625
11.976,0.03125
11.984,0.044922
11.992,0.041016
12,0.03125
12.008,0.015625
12.016,0.0058594
12.024,0.025391
12.032,0.015625
12.04,-0.0097656
12.048,-0.064453
12.056,-0.070312
12.064,-0.074219
12.072,-0.074219
12.08,-0.083984
12.088,-0.074219
12.096,-0.089844
12.104,-0.074219
12.112,-0.074219
12.12,-0.029297
12.128,0.03125
12.136,0.070312
12.144,-0.058594
12.152,-0.17383
12.16,-0.25
12.168,-0.33398
12.176,-0.25977
12.184,-0.10938
12.192,-0.070312
12.2,-0.058594
12.208,-0.039062
12.216,-0.044922
12.224,-0.025391
12.232,-0.029297
12.24,-0.013672
12.248,-0.025391
12.256,-0.0039062
12.264,-0.013672
12.272,0
12.28,-0.0039062
12.288,0
12.296,-0.0097656
12.304,0
12.312,0
12.32,0.015625
12.328,0.019531
12.336,0.0097656
12.344,0.025391
12.352,0.035156
12.36,0.044922
12.368,0.041016
12.376,0.054688
12.384,0.044922
12.392,0.060547
12.4,0.044922
12.408,0.060547
12.416,0.044922
12.424,0.050781
12.432,0.03125
12.44,0.041016
12.448,0.019531
12.456,0.015625
12.464,0
12.472,0.0058594
12.48,-0.013672
12.488,-0.0039062
12.496,-0.025391
12.504,-0.013672
12.512,-0.025391
12.52,-0.019531
12.528,-0.029297
12.536,-0.019531
12.544,-0.029297
12.552,-0.025391
12.56,-0.019531
12.568,-0.025391
12.576,-0.019531
12.584,-0.025391
12.592,-0.0097656
12.6,0.0058594
12.608,0.025391
12.616,0.035156
12.624,0.050781
12.632,0.035156
12.64,0.044922
12.648,0.0097656
12.656,0.03125
12.664,0.019531
12.672,0.015625
12.68,-0.048828
12.688,-0.070312
12.696,-0.083984
12.704,-0.074219
12.712,-0.09375
12.72,-0.089844
12.728,-0.089844
12.736,-0.083984
12.744,-0.09375
12.752,-0.054688
12.76,-0.013672
12.768,0.080078
12.776,-0.0039062
12.784,-0.11914
12.792,-0.20898
12.8,-0.31445
12.808,-0.33984
12.816,-0.17969
12.824,-0.099609
12.832,-0.083984
12.84,-0.064453
12.848,-0.064453
12.856,-0.048828
12.864,-0.048828
12.872,-0.035156
12.88,-0.039062
12.888,-0.029297
12.896,-0.044922
12.904,-0.025391
12.912,-0.025391
12.92,-0.013672
12.928,-0.0039062
12.936,0.0097656
12.944,0
12.952,-0.0039062
12.96,0.019531
12.968,0.019531
12.976,0.019531
12.984,0.03125
12.992,0.044922
13,0.044922
13.008,0.050781
13.016,0.060547
13.024,0.076172
13.032,0.064453
13.04,0.070312
13.048,0.070312
13.056,0.070312
13.064,0.050781
13.072,0.050781
13.08,0.041016
13.088,0.03125
13.096,0.0097656
13.104,0.019531
13.112,-0.0097656
13.12,0
13.128,-0.013672
13.136,0
13.144,-0.013672
13.152,-0.019531
13.16,-0.013672
13.168,-0.025391
13.176,-0.019531
13.184,-0.013672
13.192,-0.025391
13.2,-0.029297
13.208,-0.013672
13.216,-0.025391
13.224,-0.0097656
13.232,-0.0039062
13.24,0
13.248,0.019531
13.256,0.044922
13.264,0.019531
13.272,0.041016
13.28,0.025391
13.288,0.041016
13.296,0.044922
13.304,0.025391
13.312,-0.019531
13.32,-0.044922
13.328,-0.054688
13.336,-0.048828
13.344,-0.064453
13.352,-0.054688
13.36,-0.064453
13.368,-0.054688
13.376,-0.064453
13.384,-0.029297
13.392,-0.0097656
13.4,0.054688
13.408,0.099609
13.416,-0.044922
13.424,-0.14453
13.432,-0.22461
13.44,-0.30469
13.448,-0.24023
13.456,-0.080078
13.464,-0.058594
13.472,-0.048828
13.48,-0.058594
13.488,-0.035156
13.496,-0.044922
13.504,-0.025391
13.512,-0.019531
13.52,0
13.528,-0.0039062
13.536,0
13.544,0.0058594
13.552,0
13.56,0.015625
13.568,0.0058594
13.576,0.019531
13.584,0.0097656
13.592,0.019531
13.6,0.0097656
13.608,0.025391
13.616,0.025391
13.624,0.035156
13.632,0.03125
13.64,0.044922
13.648,0.041016
13.656,0.050781
13.664,0.044922
13.672,0.054688
13.68,0.044922
13.688,0.044922
13.696,0.03125
13.704,0.03125
13.712,0.0097656
13.72,0.0097656
13.728,-0.0039062
13.736,-0.0097656
13.744,-0.025391
13.752,-0.029297
13.76,-0.044922
13.768,-0.048828
13.776,-0.039062
13.784,-0.048828
13.792,-0.044922
13.8,-0.048828
13.808,-0.039062
13.816,-0.048828
13.824,-0.044922
13.832,-0.054688
13.84,-0.048828
13.848,-0.058594
13.856,-0.044922
13.864,-0.044922
13.872,-0.019531
13.88,-0.0097656
13.888,0.015625
13.896,0.019531
13.904,0.019531
13.912,0
13.92,-0.0039062
13.928,-0.0039062
13.936,0.019531
13.944,0
13.952,-0.039062
13.96,-0.080078
13.968,-0.089844
13.976,-0.083984
13.984,-0.09375
13.992,-0.089844
14,-0.099609
14.008,-0.083984
14.016,-0.099609
14.024,-0.074219
14.032,-0.025391
14.04,0.054688
14.048,0.076172
14.056,-0.080078
14.064,-0.18359
14.072,-0.27344
14.08,-0.36328
14.088,-0.21484
14.096,-0.11523
14.104,-0.074219
14.112,-0.074219
14.12,-0.048828
14.128,-0.054688
14.136,-0.044922
14.144,-0.048828
14.152,-0.039062
14.16,-0.035156
14.168,-0.039062
14.176,-0.025391
14.184,-0.029297
14.192,-0.013672
14.2,-0.025391
14.208,-0.0039062
14.216,-0.013672
14.224,0
14.232,-0.0039062
14.24,0.0058594
14.248,0.0097656
14.256,0.025391
14.264,0.019531
14.272,0.035156
14.28,0.03125
14.288,0.050781
14.296,0.044922
14.304,0.054688
14.312,0.044922
14.32,0.060547
14.328,0.044922
14.336,0.044922
14.344,0.019531
14.352,0.019531
14.36,0.0058594
14.368,0
14.376,-0.0097656
14.384,-0.013672
14.392,-0.0097656
14.4,-0.029297
14.408,-0.025391
14.416,-0.029297
14.424,-0.025391
14.432,-0.035156
14.44,-0.025391
14.448,-0.035156
14.456,-0.025391
14.464,-0.035156
14.472,-0.025391
14.48,-0.029297
14.488,-0.025391
14.496,-0.029297
14.504,-0.0039062
14.512,0
14.52,0.025391
14.528,0.035156
14.536,0.044922
14.544,0.03125
14.552,0.019531
14.56,0.0058594
14.568,0.019531
14.576,0.025391
14.584,-0.0039062
14.592,-0.054688
14.6,-0.074219
14.608,-0.080078
14.616,-0.083984
14.624,-0.080078
14.632,-0.09375
14.64,-0.083984
14.648,-0.09375
14.656,-0.083984
14.664,-0.054688
14.672,0.015625
14.68,0.070312
14.688,-0.044922
14.696,-0.17969
14.704,-0.24414
14.712,-0.35352
14.72,-0.36328
14.728,-0.13867
14.736,-0.083984
14.744,-0.074219
14.752,-0.054688
14.76,-0.048828
14.768,-0.054688
14.776,-0.048828
14.784,-0.035156
14.792,-0.025391
14.8,-0.035156
14.808,-0.019531
14.816,-0.025391
14.824,-0.019531
14.832,-0.025391
14.84,-0.0039062
14.848,-0.0097656
14.856,0
14.864,-0.0097656
14.872,0.0097656
14.88,0.0097656
14.888,0.025391
14.896,0.025391
14.904,0.041016
14.912,0.035156
14.92,0.054688
14.928,0.050781
14.936,0.064453
14.944,0.054688
14.952,0.060547
14.96,0.044922
14.968,0.050781
14.976,0.035156
14.984,0.025391
14.992,0.03125
15,0.019531
15.008,0
15.016,-0.0097656
15.024,-0.0039062
15.032,-0.025391
15.04,-0.019531
15.048,-0.029297
15.056,-0.025391
15.064,-0.029297
15.072,-0.029297
15.08,-0.039062
15.088,-0.025391
15.096,-0.029297
15.104,-0.025391
15.112,-0.035156
15.12,-0.025391
15.128,-0.029297
15.136,-0.0097656
15.144,0
15.152,0.019531
15.16,0.03125
15.168,0.044922
15.176,0.03125
15.184,0.03125
15.192,0.0097656
15.2,0.019531
15.208,0.03125
15.216,0.015625
15.224,-0.035156
15.232,-0.054688
15.24,-0.070312
15.248,-0.074219
15.256,-0.070312
15.264,-0.080078
15.272,-0.074219
15.28,-0.083984
15.288,-0.074219
15.296,-0.058594
15.304,-0.0039062
15.312,0.070312
15.32,0.080078
15.328,-0.11523
15.336,-0.19922
15.344,-0.30859
15.352,-0.33984
15.36,-0.17969
15.368,-0.089844
15.376,-0.064453
15.384,-0.048828
15.392,-0.048828
15.4,-0.039062
15.408,-0.029297
15.416,-0.035156
15.424,-0.025391
15.432,-0.029297
15.44,-0.019531
15.448,-0.025391
15.456,-0.013672
15.464,-0.019531
15.472,0
15.48,0
15.488,0.015625
15.496,0
15.504,0.015625
15.512,0.015625
15.52,0.025391
15.528,0.019531
15.536,0.035156
15.544,0.041016
15.552,0.054688
15.56,0.060547
15.568,0.054688
15.576,0.064453
15.584,0.070312
15.592,0.060547
15.6,0.060547
15.608,0.044922
15.616,0.035156
15.624,0.041016
15.632,0.03125
15.64,0.015625
15.648,0
15.656,0.0097656
15.664,-0.013672
15.672,-0.0039062
15.68,-0.019531
15.688,-0.0097656
15.696,-0.025391
15.704,-0.019531
15.712,-0.029297
15.72,-0.025391
15.728,-0.035156
15.736,-0.025391
15.744,-0.035156
15.752,-0.025391
15.76,-0.035156
15.768,-0.025391
15.776,-0.025391
15.784,0.0058594
15.792,0.0097656
15.8,0.03125
15.808,0.041016
15.816,0.019531
15.824,0.025391
15.832,0
15.84,0.019531
15.848,0.015625
15.856,-0.0097656
15.864,-0.058594
15.872,-0.074219
15.88,-0.089844
15.888,-0.074219
15.896,-0.089844
15.904,-0.083984
15.912,-0.09375
15.92,-0.089844
15.928,-0.099609
15.936,-0.048828
15.944,0
15.952,0.076172
15.96,-0.048828
15.968,-0.16406
15.976,-0.23438
15.984,-0.33008
15.992,-0.35352
16,-0.14453
16.008,-0.089844
16.016,-0.074219
16.024,-0.064453
16.032,-0.054688
16.04,-0.044922
16.048,-0.048828
16.056,-0.039062
16.064,-0.044922
16.072,-0.029297
16.08,-0.039062
16.088,-0.025391
16.096,-0.025391
16.104,-0.0097656
16.112,-0.019531
16.12,0
16.128,-0.0039062
16.136,0.0097656
16.144,0.0058594
16.152,0.015625
16.16,0.019531
16.168,0.03125
16.176,0.019531
16.184,0.041016
16.192,0.044922
16.2,0.044922
16.208,0.054688
16.216,0.044922
16.224,0.060547
16.232,0.050781
16.24,0.060547
16.248,0.041016
16.256,0.035156
16.264,0.019531
16.272,0.015625
16.28,0
16.288,-0.0039062
16.296,-0.019531
16.304,-0.013672
16.312,-0.035156
16.32,-0.025391
16.328,-0.039062
16.336,-0.025391
16.344,-0.035156
16.352,-0.025391
16.36,-0.029297
16.368,-0.025391
16.376,-0.029297
16.384,-0.025391
16.392,-0.029297
16.4,-0.025391
16.408,-0.019531
16.416,-0.0039062
16.424,0.015625
16.432,0.019531
16.44,0.041016
16.448,0.03125
16.456,0.041016
16.464,0.019531
16.472,0.019531
16.48,0.019531
16.488,0.03125
16.496,-0.019531
16.504,-0.054688
16.512,-0.074219
16.52,-0.074219
16.528,-0.074219
16.536,-0.074219
16.544,-0.089844
16.552,-0.080078
16.56,-0.09375
16.568,-0.074219
16.576,-0.039062
16.584,0.035156
16.592,0.080078
16.6,-0.058594
16.608,-0.18945
16.616,-0.27344
16.624,-0.35352
16.632,-0.24414
16.64,-0.11523
16.648,-0.080078
16.656,-0.070312
16.664,-0.054688
16.672,-0.044922
16.68,-0.048828
16.688,-0.035156
16.696,-0.044922
16.704,-0.025391
16.712,-0.025391
16.72,-0.013672
16.728,-0.025391
16.736,-0.013672
16.744,-0.019531
16.752,0.0097656
16.76,0.019531
16.768,0.015625
16.776,0.0058594
16.784,0.0097656
16.792,0.0097656
16.8,0.025391
16.808,0.03125
16.816,0.025391
16.824,0.054688
16.832,0.050781
16.84,0.070312
16.848,0.054688
16.856,0.080078
16.864,0.070312
16.872,0.080078
16.88,0.060547
16.888,0.050781
16.896,0.035156
16.904,0.041016
16.912,0.015625
16.92,0.0097656
16.928,-0.0039062
16.936,0
16.944,-0.019531
16.952,-0.0039062
16.96,-0.013672
16.968,-0.0097656
16.976,-0.025391
16.984,-0.013672
16.992,-0.025391
17,-0.019531
17.008,-0.029297
17.016,-0.025391
17.024,-0.029297
17.032,-0.035156
17.04,-0.0097656
17.048,-0.025391
17.056,0.0097656
17.064,0.015625
17.072,0.025391
17.08,0.041016
17.088,0.041016
17.096,0.03125
17.104,0.035156
17.112,0.015625
17.12,0.025391
17.128,0.015625
17.136,-0.025391
17.144,-0.054688
17.152,-0.064453
17.16,-0.070312
17.168,-0.048828
17.176,-0.074219
17.184,-0.064453
17.192,-0.064453
17.2,-0.070312
17.208,-0.029297
17.216,0.035156
17.224,0.089844
17.232,-0.013672
17.24,-0.10938
17.248,-0.16406
17.256,-0.26367
17.264,-0.31445
17.272,-0.16016
17.28,-0.070312
17.288,-0.048828
17.296,-0.054688
17.304,-0.025391
17.312,-0.039062
17.32,-0.025391
17.328,-0.025391
17.336,-0.013672
17.344,-0.025391
17.352,0
17.36,-0.013672
17.368,0
17.376,0
17.384,0.015625
17.392,0.0058594
17.4,0.015625
17.408,-0.0039062
17.416,0.0097656
17.424,0.019531
17.432,0.035156
17.44,0.044922
17.448,0.054688
17.456,0.070312
17.464,0.064453
17.472,0.080078
17.48,0.076172
17.488,0.089844
17.496,0.076172
17.504,0.080078
17.512,0.070312
17.52,0.064453
17.528,0.044922
17.536,0.044922
17.544,0.019531
17.552,0.015625
17.56,0
17.568,0
17.576,-0.025391
17.584,-0.019531
17.592,-0.039062
17.6,-0.035156
17.608,-0.048828
17.616,-0.039062
17.624,-0.048828
17.632,-0.039062
17.64,-0.044922
17.648,-0.039062
17.656,-0.035156
17.664,-0.048828
17.672,-0.035156
17.68,-0.048828
17.688,-0.025391
17.696,-0.013672
17.704,0.0058594
17.712,0.015625
17.72,0.025391
17.728,0.0097656
17.736,0.015625
17.744,-0.0097656
17.752,0.015625
17.76,0.015625
17.768,-0.0039062
17.776,-0.064453
17.784,-0.074219
17.792,-0.09375
17.8,-0.083984
17.808,-0.09375
17.816,-0.089844
17.824,-0.083984
17.832,-0.09375
17.84,-0.089844
17.848,-0.054688
17.856,-0.0039062
17.864,0.076172
17.872,-0.029297
17.88,-0.13477
17.888,-0.17969
17.896,-0.30859
17.904,-0.34375
17.912,-0.17383
17.92,-0.09375
17.928,-0.080078
17.936,-0.058594
17.944,-0.058594
17.952,-0.044922
17.96,-0.048828
17.968,-0.039062
17.976,-0.039062
17.984,-0.025391
17.992,-0.025391
18,-0.013672
18.008,-0.019531
18.016,-0.0097656
18.024,-0.0039062
18.032,0.0058594
18.04,0.0097656
18.048,0
18.056,0.019531
18.064,0.015625
18.072,0.03125
18.08,0.025391
18.088,0.044922
18.096,0.041016
18.104,0.054688
18.112,0.050781
18.12,0.064453
18.128,0.060547
18.136,0.064453
18.144,0.050781
18.152,0.054688
18.16,0.044922
18.168,0.041016
18.176,0.019531
18.184,0.025391
18.192,0.0058594
18.2,0
18.208,-0.025391
18.216,-0.019531
18.224,-0.025391
18.232,-0.025391
18.24,-0.019531
18.248,-0.029297
18.256,-0.019531
18.264,-0.029297
18.272,-0.025391
18.28,-0.035156
18.288,-0.025391
18.296,-0.029297
18.304,-0.025391
18.312,-0.029297
18.32,-0.019531
18.328,-0.0039062
18.336,0.019531
18.344,0.015625
18.352,0.044922
18.36,0.025391
18.368,0.035156
18.376,0.0058594
18.384,0.015625
18.392,0.019531
18.4,0.025391
18.408,-0.019531
18.416,-0.048828
18.424,-0.080078
18.432,-0.074219
18.44,-0.074219
18.448,-0.074219
18.456,-0.080078
18.464,-0.080078
18.472,-0.083984
18.48,-0.070312
18.488,-0.029297
18.496,0.035156
18.504,0.080078
18.512,-0.064453
18.52,-0.17969
18.528,-0.26953
18.536,-0.34375
18.544,-0.25977
18.552,-0.11523
18.56,-0.083984
18.568,-0.064453
18.576,-0.058594
18.584,-0.044922
18.592,-0.048828
18.6,-0.035156
18.608,-0.039062
18.616,-0.029297
18.624,-0.025391
18.632,-0.025391
18.64,-0.019531
18.648,-0.025391
18.656,-0.019531
18.664,-0.025391
18.672,-0.0039062
18.68,0
18.688,0.0058594
18.696,0
18.704,0.019531
18.712,0.0097656
18.72,0.03125
18.728,0.025391
18.736,0.050781
18.744,0.044922
18.752,0.070312
18.76,0.060547
18.768,0.070312
18.776,0.060547
18.784,0.064453
18.792,0.044922
18.8,0.050781
18.808,0.03125
18.816,0.019531
18.824,0.025391
18.832,0.015625
18.84,0
18.848,0
18.856,-0.0097656
18.864,-0.013672
18.872,-0.0097656
18.88,-0.025391
18.888,-0.019531
18.896,-0.025391
18.904,-0.019531
18.912,-0.025391
18.92,-0.019531
18.928,-0.029297
18.936,-0.025391
18.944,-0.074219
18.952,-0.10938
18.96,-0.17383
18.968,-0.26367
18.976,-0.43359
18.984,-0.49805
18.992,-0.49805
19,-0.49805
19.008,-0.49805
19.016,-0.49805
19.024,-0.49805
19.032,-0.49805
19.04,-0.49805
19.048,-0.49805
19.056,-0.19922
19.064,0.089844
19.072,0.17578
19.08,0.20508
19.088,0.21484
19.096,0.22461
19.104,0.24609
19.112,0.25586
19.12,0.26562
19.128,0.27539
19.136,0.29102
19.144,0.29492
19.152,0.31055
19.16,0.32031
19.168,0.34961
19.176,0.35938
19.184,0.38477
19.192,0.39453
19.2,0.42969
19.208,0.44531
19.216,0.46484
19.224,0.46484
19.232,0.46484
19.24,0.4707
19.248,0.44922
19.256,0.41602
19.264,0.39062
19.272,0.33594
19.28,0.29102
19.288,0.23047
19.296,0.17969
19.304,0.13477
19.312,0.085938
19.32,0.050781
19.328,0.0097656
19.336,-0.0097656
19.344,-0.039062
19.352,-0.048828
19.36,-0.070312
19.368,-0.070312
19.376,-0.083984
19.384,-0.074219
19.392,-0.09375
19.4,-0.09375
19.408,-0.099609
19.416,-0.09375
19.424,-0.10352
19.432,-0.09375
19.44,-0.10352
19.448,-0.099609
19.456,-0.09375
19.464,-0.099609
19.472,-0.089844
19.48,-0.099609
19.488,-0.09375
19.496,-0.09375
19.504,-0.083984
19.512,-0.09375
19.52,-0.080078
19.528,-0.09375
19.536,-0.083984
19.544,-0.089844
19.552,-0.074219
19.56,-0.080078
19.568,-0.070312
19.576,-0.074219
19.584,-0.074219
19.592,-0.083984
19.6,-0.064453
19.608,-0.048828
19.616,-0.025391
19.624,-0.0097656
19.632,0.0058594
19.64,-0.0097656
19.648,0
19.656,-0.019531
19.664,-0.025391
19.672,0
19.68,-0.0039062
19.688,-0.054688
19.696,-0.09375
19.704,-0.099609
19.712,-0.10938
19.72,-0.09375
19.728,-0.10352
19.736,-0.099609
19.744,-0.11523
19.752,-0.099609
19.76,-0.089844
19.768,-0.029297
19.776,0.050781
19.784,0.070312
19.792,-0.10938
19.8,-0.18359
19.808,-0.28906
19.816,-0.35938
19.824,-0.22852
19.832,-0.11914
19.84,-0.09375
19.848,-0.074219
19.856,-0.070312
19.864,-0.058594
19.872,-0.048828
19.88,-0.058594
19.888,-0.044922
19.896,-0.048828
19.904,-0.039062
19.912,-0.048828
19.92,-0.039062
19.928,-0.044922
19.936,-0.025391
19.944,-0.025391
19.952,-0.013672
19.96,-0.019531
19.968,-0.0097656
19.976,-0.025391
19.984,-0.0039062
19.992,-0.0097656
20,0
20.008,0
20.016,0.0097656
20.024,0.015625
20.032,0.019531
20.04,0.019531
20.048,0.025391
20.056,0.015625
20.064,0.019531
20.072,0.0097656
20.08,0.015625
20.088,0
20.096,0
20.104,-0.0039062
20.112,-0.013672
20.12,-0.019531
20.128,-0.025391
20.136,-0.019531
20.144,-0.035156
20.152,-0.025391
20.16,-0.035156
20.168,-0.029297
20.176,-0.039062
20.184,-0.035156
20.192,-0.048828
20.2,-0.039062
20.208,-0.048828
20.216,-0.039062
20.224,-0.058594
20.232,-0.048828
20.24,-0.039062
20.248,-0.013672
20.256,-0.0039062
20.264,0.015625
20.272,0.025391
20.28,0.0058594
20.288,0.019531
20.296,0
20.304,0.0097656
20.312,0.015625
20.32,0
20.328,-0.054688
20.336,-0.074219
20.344,-0.083984
20.352,-0.074219
20.36,-0.080078
20.368,-0.070312
20.376,-0.089844
20.384,-0.080078
20.392,-0.089844
20.4,-0.044922
20.408,-0.0097656
20.416,0.080078
20.424,0.095703
20.432,-0.070312
20.44,-0.17969
20.448,-0.2793
20.456,-0.34375
20.464,-0.18945
20.472,-0.09375
20.48,-0.058594
20.488,-0.044922
20.496,-0.039062
20.504,-0.044922
20.512,-0.029297
20.52,-0.025391
20.528,-0.039062
20.536,-0.025391
20.544,-0.019531
20.552,0
20.56,0
20.568,-0.0039062
20.576,-0.0039062
20.584,0.015625
20.592,0
20.6,0.015625
20.608,0.015625
20.616,0.025391
20.624,0.025391
20.632,0.041016
20.64,0.054688
20.648,0.070312
20.656,0.060547
20.664,0.054688
20.672,0.070312
20.68,0.070312
20.688,0.070312
20.696,0.076172
20.704,0.070312
20.712,0.070312
20.72,0.064453
20.728,0.044922
20.736,0.035156
20.744,0.015625
20.752,0.019531
20.76,0.015625
20.768,0.0058594
20.776,-0.0097656
20.784,0
20.792,-0.0039062
20.8,0
20.808,-0.0097656
20.816,-0.013672
20.824,-0.019531
20.832,0
20.84,-0.025391
20.848,-0.013672
20.856,-0.025391
20.864,-0.025391
20.872,-0.019531
20.88,-0.0039062
20.888,0.0097656
20.896,0.019531
20.904,0.03125
20.912,0.050781
20.92,0.054688
20.928,0.019531
20.936,0.03125
20.944,0.041016
20.952,0.044922
20.96,0.025391
20.968,-0.0097656
20.976,-0.044922
20.984,-0.039062
20.992,-0.064453
21,-0.054688
21.008,-0.064453
21.016,-0.054688
21.024,-0.064453
21.032,-0.048828
21.04,-0.035156
21.048,0.0058594
21.056,0.080078
21.064,0.089844
21.072,-0.089844
21.08,-0.17969
21.088,-0.26367
21.096,-0.31445
21.104,-0.20508
21.112,-0.083984
21.12,-0.039062
21.128,-0.029297
21.136,-0.019531
21.144,-0.025391
21.152,-0.0039062
21.16,-0.0097656
21.168,0
21.176,-0.0097656
21.184,0
21.192,-0.0097656
21.2,0
21.208,-0.0039062
21.216,0.0058594
21.224,0
21.232,0.0097656
21.24,0
21.248,0.0097656
21.256,0.0058594
21.264,0.019531
21.272,0.015625
21.28,0.019531
21.288,0.03125
21.296,0.025391
21.304,0.044922
21.312,0.035156
21.32,0.044922
21.328,0.035156
21.336,0.044922
21.344,0.025391
21.352,0.03125
21.36,0.019531
21.368,0.015625
21.376,0
21.384,-0.0097656
21.392,-0.029297
21.4,-0.025391
21.408,-0.044922
21.416,-0.035156
21.424,-0.048828
21.432,-0.044922
21.44,-0.048828
21.448,-0.044922
21.456,-0.058594
21.464,-0.048828
21.472,-0.054688
21.48,-0.044922
21.488,-0.039062
21.496,-0.054688
21.504,-0.044922
21.512,-0.048828
21.52,-0.044922
21.528,-0.035156
21.536,-0.013672
21.544,0
21.552,0.019531
21.56,0.019531
21.568,0.019531
21.576,0
21.584,-0.0039062
21.592,-0.0097656
21.6,0.0058594
21.608,-0.019531
21.616,-0.058594
21.624,-0.09375
21.632,-0.089844
21.64,-0.09375
21.648,-0.083984
21.656,-0.099609
21.664,-0.09375
21.672,-0.099609
21.68,-0.089844
21.688,-0.064453
21.696,-0.0097656
21.704,0.070312
21.712,-0.0097656
21.72,-0.11523
21.728,-0.19336
21.736,-0.31836
21.744,-0.36328
21.752,-0.17383
21.76,-0.10352
21.768,-0.074219
21.776,-0.074219
21.784,-0.054688
21.792,-0.064453
21.8,-0.048828
21.808,-0.048828
21.816,-0.044922
21.824,-0.048828
21.832,-0.039062
21.84,-0.044922
21.848,-0.019531
21.856,-0.025391
21.864,-0.013672
21.872,-0.0097656
21.88,0
21.888,-0.0039062
21.896,0
21.904,0.0097656
21.912,0.0058594
21.92,0.019531
21.928,0.015625
21.936,0.03125
21.944,0.025391
21.952,0.041016
21.96,0.044922
21.968,0.050781
21.976,0.044922
21.984,0.054688
21.992,0.035156
22,0.041016
22.008,0.019531
22.016,0.025391
22.024,0.0097656
22.032,0.0058594
22.04,-0.0039062
22.048,0
22.056,-0.019531
22.064,-0.013672
22.072,-0.025391
22.08,-0.013672
22.088,-0.025391
22.096,-0.029297
22.104,-0.035156
22.112,-0.019531
22.12,-0.013672
22.128,-0.025391
22.136,-0.025391
22.144,-0.029297
22.152,-0.025391
22.16,-0.035156
22.168,-0.025391
22.176,-0.0039062
22.184,0.019531
22.192,0.025391
22.2,0.044922
22.208,0.019531
22.216,0.03125
22.224,0.0058594
22.232,0.019531
22.24,0.0097656
22.248,0.0097656
22.256,-0.044922
22.264,-0.058594
22.272,-0.080078
22.28,-0.074219
22.288,-0.089844
22.296,-0.074219
22.304,-0.089844
22.312,-0.083984
22.32,-0.089844
22.328,-0.070312
22.336,-0.025391
22.344,0.054688
22.352,0.089844
22.36,-0.083984
22.368,-0.19922
22.376,-0.29492
22.384,-0.35938
22.392,-0.22852
22.4,-0.10352
22.408,-0.070312
22.416,-0.048828
22.424,-0.054688
22.432,-0.039062
22.44,-0.048828
22.448,-0.039062
22.456,-0.039062
22.464,-0.025391
22.472,-0.029297
22.48,-0.019531
22.488,-0.013672
22.496,-0.0097656
22.504,-0.013672
22.512,-0.0039062
22.52,0
22.528,-0.0097656
22.536,0.0058594
22.544,0.015625
22.552,0.019531
22.56,0.0097656
22.568,0.025391
22.576,0.03125
22.584,0.041016
22.592,0.035156
22.6,0.054688
22.608,0.050781
22.616,0.060547
22.624,0.044922
22.632,0.050781
22.64,0.035156
22.648,0.041016
22.656,0.019531
22.664,0.025391
22.672,0
22.68,0
22.688,-0.013672
22.696,-0.0097656
22.704,-0.025391
22.712,-0.025391
22.72,-0.019531
22.728,-0.035156
22.736,-0.025391
22.744,-0.039062
22.752,-0.025391
22.76,-0.035156
22.768,-0.025391
22.776,-0.044922
22.784,-0.029297
22.792,-0.035156
22.8,-0.019531
22.808,-0.025391
22.816,-0.0039062
22.824,0.0058594
22.832,0.03125
22.84,0.041016
22.848,0.044922
22.856,0.03125
22.864,0.025391
22.872,0.0058594
22.88,0.03125
22.888,0.015625
22.896,-0.0039062
22.904,-0.054688
22.912,-0.064453
22.92,-0.074219
22.928,-0.080078
22.936,-0.074219
22.944,-0.070312
22.952,-0.064453
22.96,-0.074219
22.968,-0.074219
22.976,-0.039062
22.984,0.0097656
22.992,0.080078
23,-0.029297
23.008,-0.16406
23.016,-0.22461
23.024,-0.32422
23.032,-0.34375
23.04,-0.13477
23.048,-0.070312
23.056,-0.058594
23.064,-0.039062
23.072,-0.044922
23.08,-0.025391
23.088,-0.035156
23.096,-0.025391
23.104,-0.019531
23.112,-0.025391
23.12,-0.013672
23.128,-0.019531
23.136,0
23.144,-0.0039062
23.152,0
23.16,-0.0039062
23.168,0.0097656
23.176,0
23.184,0.015625
23.192,0.019531
23.2,0.03125
23.208,0.019531
23.216,0.044922
23.224,0.041016
23.232,0.050781
23.24,0.044922
23.248,0.060547
23.256,0.054688
23.264,0.064453
23.272,0.050781
23.28,0.054688
23.288,0.035156
23.296,0.041016
23.304,0.019531
23.312,0.015625
23.32,0
23.328,0
23.336,-0.0097656
23.344,-0.013672
23.352,-0.0097656
23.36,-0.019531
23.368,-0.013672
23.376,-0.025391
23.384,-0.019531
23.392,-0.025391
23.4,-0.019531
23.408,-0.025391
23.416,-0.025391
23.424,-0.035156
23.432,-0.025391
23.44,-0.029297
23.448,-0.019531
23.456,-0.025391
23.464,-0.0039062
23.472,0
23.48,0.03125
23.488,0.035156
23.496,0.044922
23.504,0.035156
23.512,0.019531
23.52,0.0097656
23.528,0.025391
23.536,0.015625
23.544,-0.013672
23.552,-0.054688
23.56,-0.074219
23.568,-0.070312
23.576,-0.074219
23.584,-0.070312
23.592,-0.083984
23.6,-0.074219
23.608,-0.074219
23.616,-0.064453
23.624,-0.044922
23.632,0.03125
23.64,0.070312
23.648,-0.048828
23.656,-0.18945
23.664,-0.24023
23.672,-0.33984
23.68,-0.25391
23.688,-0.10938
23.696,-0.054688
23.704,-0.048828
23.712,-0.039062
23.72,-0.035156
23.728,-0.039062
23.736,-0.025391
23.744,-0.019531
23.752,-0.019531
23.76,-0.013672
23.768,-0.0097656
23.776,-0.013672
23.784,0
23.792,0
23.8,0.0058594
23.808,0
23.816,0.0058594
23.824,0.0058594
23.832,0.019531
23.84,0.019531
23.848,0.03125
23.856,0.025391
23.864,0.041016
23.872,0.041016
23.88,0.054688
23.888,0.044922
23.896,0.064453
23.904,0.054688
23.912,0.060547
23.92,0.044922
23.928,0.044922
23.936,0.041016
23.944,0.035156
23.952,0.041016
23.96,0.019531
23.968,0.0097656
23.976,0
23.984,0.0058594
23.992,-0.0039062
24,-0.013672
